ticker,sector
AAA,ETF
AAAU,ETF
AACG,XLP
AACQ,XLF
AAC,XLF
AADR,ETF
AAIC,XLRE
AAL,XLI
AAMC,XLF
AAME,XLF
AAN,XLY
AAOI,XLK
AAON,XLI
AAPL,XLK
AAP,XLY
AAQC,XLF
AAT,XLRE
AAU,XLB
AAWW,XLI
AAXJ,ETF
AA,XLB
AAXN,XLI
ABBV,XLV
ABB,XLI
ABCB,XLF
ABCL,XLV
ABCM,XLV
ABC,XLV
ABEO,XLV
ABEQ,ETF
ABEV,XLP
ABGI,XLF
ABG,XLY
ABIO,XLV
ABMD,XLV
ABM,XLI
ABNB,XLC
ABR,XLRE
ABST,XLK
ABT,XLV
ABTX,XLF
ABUS,XLV
AB,XLF
ACACU,XLF
ACAC,XLF
ACAD,XLV
ACAHU,XLF
ACAH,XLF
ACAMU,XLF
ACAM,XLF
ACA,XLI
ACBAU,XLF
ACBI,XLF
ACB,XLV
ACCD,XLV
ACCO,XLI
ACC,XLRE
ACEL,XLY
ACER,XLV
ACES,ETF
ACET,XLV
ACEVU,XLF
ACEV,XLF
ACGLO,XLF
ACGLP,XLF
ACGL,XLF
ACHC,XLV
ACHL,XLV
ACHV,XLV
ACH,XLB
ACIA,XLK
ACIC,XLF
ACII,XLF
ACIO,ETF
ACIU,XLV
ACIW,XLK
ACI,XLP
ACKIT,XLF
ACKIU,XLF
ACLS,XLK
ACMR,XLK
ACM,XLI
ACNB,XLF
ACND,XLF
ACN,XLK
ACOR,XLV
ACP,XLF
ACQRU,XLF
ACQR,XLF
ACRE,XLRE
ACRS,XLV
ACR,XLRE
ACRX,XLV
ACSG,ETF
ACSI,ETF
ACST,XLV
ACTCU,XLF
ACTC,XLF
ACTDU,XLF
ACTG,XLI
ACTV,ETF
ACU,XLP
ACVA,XLK
ACVF,ETF
ACV,XLF
ACWF,ETF
ACWI,ETF
ACWV,ETF
ACWX,ETF
AC,XLF
ACY,XLI
ADAG,XLV
ADAP,XLV
ADBE,XLK
ADCT,XLV
ADC,XLRE
ADERU,XLF
ADER,XLF
ADES,XLI
ADEX,XLF
ADFI,ETF
ADIL,XLV
ADIV,ETF
ADI,XLK
ADMA,XLV
ADME,ETF
ADMP,XLV
ADMS,XLV
ADM,XLP
ADNT,XLY
ADN,XLU
ADOC,XLF
ADPT,XLV
ADP,XLI
ADRA,XLF
ADRE,ETF
ADSK,XLK
ADS,XLF
ADTN,XLK
ADT,XLI
ADTX,XLV
ADUS,XLV
ADVM,XLV
ADV,XLC
ADXN,XLV
ADXS,XLV
ADX,XLF
AEACU,XLF
AEAC,XLF
AEB,ETF
AEE,XLU
AEF,XLF
AEGN,XLI
AEG,XLF
AEHL,XLI
AEHR,XLK
AEIS,XLI
AEI,XLRE
AEL,XLF
AEMD,XLV
AEM,XLB
AENZ,XLI
AEO,XLY
AEPPZ,XLU
AEP,XLU
AERI,XLV
AER,XLI
AESC,XLU
AESE,XLC
AESR,ETF
AES,XLU
AEVA,XLY
AE,XLE
AEYE,XLK
AEY,XLK
AEZS,XLV
AFAQU,XLF
AFBI,XLF
AFB,XLF
AFCG,XLRE
AFC,XLF
AFGE,XLF
AFG,XLF
AFIB,XLV
AFIF,ETF
AFINO,XLRE
AFINP,XLRE
AFIN,XLRE
AFI,XLI
AFK,ETF
AFLG,ETF
AFL,XLF
AFMC,ETF
AFMD,XLV
AFRM,XLK
AFSM,ETF
AFT,XLF
AFTY,ETF
AFYA,XLP
AGAC,XLF
AGBAU,XLF
AGBA,XLF
AGCB,XLF
AGCO,XLI
AGCUU,XLF
AGC,XLF
AGD,XLF
AGEN,XLV
AGE,XLV
AGFS,XLP
AGFY,XLI
AGG,ETF
AGGP,ETF
AGGRU,XLF
AGGR,XLF
AGGY,ETF
AGIO,XLV
AGI,XLB
AGLE,XLV
AGL,XLV
AGMH,XLK
AGM,XLF
AGNCM,XLRE
AGNCN,XLRE
AGNCO,XLRE
AGNCP,XLRE
AGNC,XLRE
AGNG,ETF
AGOX,ETF
AGO,XLF
AGQ,ETF
AGRO,XLP
AGR,XLU
AGRX,XLV
AGS,XLY
AGTC,XLV
AGT,ETF
AGTI,XLV
AG,XLB
AGX,XLI
AGYS,XLK
AGZD,ETF
AGZ,ETF
AHACU,XLF
AHAC,XLF
AHCO,XLV
AHC,XLC
AHH,XLRE
AHPI,XLV
AHT,XLRE
AIA,ETF
AIEQ,ETF
AIF,XLF
AIG,XLF
AIHS,XLF
AIH,XLV
AIIQ,ETF
AIKI,XLV
AIMC,XLI
AIM,XLV
AINC,XLF
AINV,XLF
AIN,XLY
AIQ,ETF
AIRC,XLRE
AIRG,XLK
AIRI,XLI
AIRR,ETF
AIRTP,XLI
AIRT,XLI
AIR,XLI
AIT,XLI
AIV,XLRE
AIW,XLF
AI,XLK
AIZP,XLF
AIZ,XLF
AJAX,XLF
AJG,XLF
AJRD,XLI
AJXA,ETF
AJX,XLRE
AKAM,XLK
AKBA,XLV
AKER,XLV
AKICU,XLF
AKIC,XLF
AKRO,XLV
AKR,XLRE
AKTS,XLK
AKTX,XLV
AKUS,XLV
AKU,XLV
AKYA,XLV
ALACU,XLF
ALAC,XLF
ALBO,XLV
ALB,XLB
ALCO,XLP
ALC,XLV
ALDX,XLV
ALEC,XLV
ALE,XLU
ALEX,XLRE
ALFA,ETF
ALF,XLK
ALGM,XLK
ALGN,XLV
ALGS,XLV
ALGT,XLI
ALG,XLI
ALHC,XLV
ALIM,XLV
ALJJ,XLI
ALKS,XLV
ALKT,XLK
ALK,XLI
ALLE,XLI
ALLK,XLV
ALLO,XLV
ALLT,XLK
ALL,XLF
ALLY,XLF
ALNA,XLV
ALNY,XLV
ALOT,XLK
ALPN,XLV
ALRM,XLK
ALRN,XLV
ALRS,XLF
ALSK,XLC
ALSN,XLY
ALTA,XLF
ALTG,XLI
ALTL,ETF
ALTM,XLE
ALTO,XLE
ALTR,XLK
ALTS,ETF
ALTUU,XLF
ALTU,XLF
ALT,XLV
ALTY,ETF
ALUS,XLF
ALVR,XLV
ALV,XLY
AL,XLI
ALXN,XLV
ALXO,XLV
ALX,XLRE
ALYA,XLK
AMAL,XLF
AMAOU,XLF
AMAO,XLF
AMAT,XLK
AMBA,XLK
AMBC,XLF
AMBO,XLP
AMCA,ETF
AMCIU,XLF
AMCI,XLF
AMCR,XLY
AMC,XLC
AMCX,XLC
AMD,XLK
AMED,XLV
AMEH,XLV
AMER,ETF
AME,XLI
AMGN,XLV
AMG,XLF
AMHCU,XLF
AMHC,XLF
AMH,XLRE
AMJ,ETF
AMKR,XLK
AMK,XLF
AMLP,ETF
AMLX,XLV
AMNA,ETF
AMNB,XLF
AMND,ETF
AMN,XLV
AMOM,ETF
AMOT,XLK
AMOV,XLC
AMPE,XLV
AMPG,XLK
AMPH,XLV
AMPI,XLF
AMP,XLF
AMPY,XLE
AMRB,XLF
AMRC,XLI
AMRH,XLK
AMRK,XLF
AMRN,XLV
AMRS,XLB
AMR,XLE
AMRX,XLV
AMSC,XLI
AMSF,XLF
AMST,XLK
AMSWA,XLK
AMS,XLV
AMTBB,XLF
AMTB,XLF
AMTI,XLV
AMTR,ETF
AMT,XLRE
AMTX,XLE
AMUB,ETF
AMWD,XLY
AMWL,XLV
AM,XLE
AMX,XLC
AMYT,XLV
AMZA,ETF
AMZN,XLY
ANAB,XLV
ANAC,XLF
ANAT,XLF
ANCN,XLV
ANDAU,XLF
ANDA,XLF
ANDE,XLP
ANEB,XLV
ANET,XLK
ANEW,ETF
ANF,XLY
ANGI,XLC
ANGL,ETF
ANGN,XLV
ANGO,XLV
ANH,XLRE
ANIK,XLV
ANIP,XLV
ANIX,XLV
ANNX,XLV
ANPC,XLV
ANSS,XLK
ANTE,XLC
ANTM,XLV
ANVS,XLV
AN,XLY
ANY,XLK
ANZUU,XLF
ANZU,XLF
AOA,ETF
AOD,XLF
AOK,ETF
AOM,ETF
AONE,XLF
AON,XLF
AOR,ETF
AOSL,XLK
AOS,XLI
AOUT,XLY
APAM,XLF
APA,XLE
APDN,XLI
APD,XLB
APEI,XLP
APEN,XLV
APGB,XLF
APG,XLI
APHA,XLV
APH,XLK
API,XLK
APLE,XLRE
APLS,XLV
APLT,XLV
APM,XLV
APOG,XLI
APOP,XLV
APO,XLF
APPF,XLK
APPH,XLP
APPN,XLK
APPS,XLK
APP,XLK
APRE,XLV
APRN,XLY
APR,XLV
APRZ,ETF
APSG,XLF
APTO,XLV
APTS,XLRE
APTV,XLY
APT,XLI
APTX,XLV
APVO,XLV
APWC,XLI
AP,XLI
APXTU,XLF
APXT,XLF
APYX,XLV
AQB,XLP
AQMS,XLI
AQN,XLU
AQST,XLV
AQUA,XLI
AQWA,ETF
ARAV,XLV
ARA,XLV
ARAY,XLV
ARB,ETF
ARBGU,XLF
ARBG,XLF
ARCB,XLI
ARCC,XLF
ARCE,XLP
ARCH,XLE
ARCM,ETF
ARCO,XLY
ARCT,XLV
ARC,XLI
ARDC,XLF
ARDS,XLV
ARD,XLY
ARDX,XLV
AREC,XLB
ARES,XLF
ARE,XLRE
ARGD,ETF
ARGO,XLF
ARGT,ETF
ARGX,XLV
ARI,XLRE
ARKF,ETF
ARKG,ETF
ARKIU,XLF
ARKK,ETF
ARKO,XLY
ARKQ,ETF
ARKR,XLY
ARKW,ETF
ARKX,ETF
ARLO,XLI
ARLP,XLE
ARL,XLRE
ARMK,XLY
ARMP,XLV
ARMR,ETF
ARNA,XLV
ARNC,XLI
AROC,XLE
AROW,XLF
ARPO,XLV
ARQT,XLV
ARRWU,XLF
ARRW,XLF
ARR,XLRE
ARRY,XLK
ARTL,XLV
ARTNA,XLU
ARTW,XLI
ARVL,XLY
ARVN,XLV
ARWR,XLV
ARW,XLK
AR,XLE
ARYA,XLF
ARYD,XLF
ASAI,XLP
ASAN,XLK
ASAQ,XLF
ASA,XLF
ASAXU,XLF
ASAX,XLF
ASB,XLF
ASC,XLI
ASEA,ETF
ASET,ETF
ASGI,ETF
ASGN,XLI
ASG,XLF
ASHR,ETF
ASHS,ETF
ASHX,ETF
ASH,XLB
ASIX,XLB
ASLE,XLI
ASLN,XLV
ASMB,XLV
ASML,XLK
ASM,XLB
ASND,XLV
ASO,XLY
ASPCU,XLF
ASPC,XLF
ASPL,XLF
ASPN,XLI
ASPS,XLF
ASPU,XLP
ASPY,ETF
ASRT,XLV
ASRVP,XLF
ASRV,XLF
ASR,XLI
ASTC,XLI
ASTE,XLI
ASTS,XLC
ASUR,XLK
ASXC,XLV
ASX,XLK
ASYS,XLK
ASZ,XLF
ATAC,XLF
ATAQ,XLF
ATA,XLF
ATAX,XLF
ATCO,XLF
ATC,XLK
ATCX,XLI
ATEC,XLV
ATEN,XLK
ATER,XLK
ATEX,XLC
ATFV,ETF
ATGE,XLP
ATHA,XLV
ATHE,XLV
ATHM,XLC
ATHN,XLK
ATH,XLF
ATHX,XLV
ATIF,XLF
ATI,XLI
ATKR,XLI
ATLC,XLF
ATLO,XLF
ATMP,ETF
ATMR,XLF
ATNF,XLV
ATNI,XLC
ATNM,XLV
ATNX,XLV
ATOM,XLK
ATOS,XLV
ATO,XLU
ATRA,XLV
ATRC,XLV
ATRI,XLV
ATRO,XLI
ATRS,XLV
ATR,XLY
ATSG,XLI
ATSPT,XLF
ATSPU,XLF
ATTO,XLI
ATUS,XLC
ATVCU,XLF
ATVI,XLC
ATV,XLY
ATXI,XLV
AT,XLU
AUBAP,XLF
AUBN,XLF
AUB,XLF
AUDC,XLK
AUD,XLC
AUGZ,ETF
AUMN,XLB
AUPH,XLV
AURCU,XLF
AURC,XLF
AUSF,ETF
AUS,XLF
AUTL,XLV
AUTO,XLC
AUUD,XLK
AUVI,XLY
AU,XLB
AUY,XLB
AVAH,XLV
AVAL,XLF
AVAN,XLF
AVAV,XLI
AVA,XLU
AVB,XLRE
AVCO,XLV
AVCT,XLK
AVDE,ETF
AVDG,ETF
AVDL,XLV
AVDR,ETF
AVDV,ETF
AVD,XLB
AVEM,ETF
AVEO,XLV
AVGOP,XLK
AVGO,XLK
AVGR,XLV
AVID,XLC
AVIG,ETF
AVIR,XLV
AVK,XLF
AVLR,XLK
AVMU,ETF
AVNS,XLV
AVNT,XLB
AVNW,XLK
AVO,XLP
AVRO,XLV
AVSF,ETF
AVTR,XLB
AVT,XLK
AVUS,ETF
AVUV,ETF
AVXL,XLV
AVYA,XLK
AVY,XLI
AWAY,ETF
AWF,XLF
AWH,XLV
AWI,XLI
AWK,XLU
AWP,XLF
AWRE,XLK
AWR,XLU
AWTM,ETF
AWX,XLI
AXAS,XLE
AXDX,XLV
AXGN,XLV
AXLA,XLV
A,XLV
AXL,XLY
AXNX,XLV
AXON,XLI
AXP,XLF
AXR,XLRE
AXSM,XLV
AXS,XLF
AXTA,XLB
AXTI,XLK
AXU,XLB
AX,XLF
AYI,XLI
AYLA,XLV
AYRO,XLY
AYTU,XLV
AY,XLU
AYX,XLK
AZAA,ETF
AZAJ,ETF
AZAL,ETF
AZAO,ETF
AZBA,ETF
AZBJ,ETF
AZBL,ETF
AZBO,ETF
AZEK,XLI
AZN,XLV
AZO,XLY
AZPN,XLK
AZRE,XLU
AZRX,XLV
AZUL,XLI
AZYO,XLV
AZZ,XLI
BABA,XLY
BAB,ETF
BAC,XLF
BAF,XLF
BAH,XLI
BAK,XLB
BAL,ETF
BALL,XLY
BALY,XLY
BAM,XLF
BANC,XLF
BAND,XLK
BANFP,XLF
BANF,XLF
BANR,XLF
BANX,XLF
BAOS,XLC
BAPR,ETF
BAP,XLF
BAR,ETF
BASI,XLV
BATL,XLE
BATRA,XLC
BATRK,XLC
BATT,ETF
BAUG,ETF
BA,XLI
BAX,XLV
BBAR,XLF
BBAX,ETF
BBBY,XLY
BBCA,ETF
BBC,ETF
BBCP,XLI
BBDC,XLF
BBDO,XLF
BBD,XLF
BBEU,ETF
BBF,XLF
BBGI,XLC
BBH,ETF
BBIG,XLY
BBIN,ETF
BBIO,XLV
BBI,XLV
BBJP,ETF
BBK,XLF
BBL,XLB
BBMC,ETF
BBN,XLF
BBP,ETF
BBQ,XLY
BBRE,ETF
BBSA,ETF
BBSC,ETF
BBSI,XLI
BBUS,ETF
BBU,XLI
BBVA,XLF
BBWI,XLY
BBW,XLY
BB,XLK
BBY,XLY
BCAB,XLV
BCACU,XLF
BCAC,XLF
BCBP,XLF
BCC,XLB
BCDA,XLV
BCD,ETF
BCEI,XLE
BCEL,XLV
BCE,XLC
BCH,XLF
BCI,ETF
BCLI,XLV
BCM,ETF
BCML,XLF
BCOR,XLF
BCOV,XLK
BCOW,XLF
BCO,XLI
BCPC,XLB
BCRX,XLV
BCSF,XLF
BCS,XLF
BCTG,XLF
BCTX,XLV
BCV,XLF
BC,XLY
BCX,XLF
BCYC,XLV
BCYPU,XLF
BCYP,XLF
BDCX,ETF
BDC,XLI
BDCZ,ETF
BDEC,ETF
BDGE,XLF
BDJ,XLF
BDL,XLY
BDN,XLRE
BDR,XLK
BDRY,ETF
BDSI,XLV
BDSX,XLV
BDTX,XLV
BDXB,XLV
BDX,XLV
BEAM,XLV
BEAT,XLV
BECN,XLI
BEDU,XLP
BEDZ,ETF
BEEM,XLK
BEKE,XLRE
BELFA,XLK
BELFB,XLK
BENEU,XLF
BENE,XLF
BEN,XLF
BEPC,XLU
BEP,XLU
BERY,XLY
BEST,XLI
BETZ,ETF
BE,XLI
BFAM,XLY
BFC,XLF
BFEB,ETF
BFH,XLF
BFIN,XLF
BFIT,ETF
BFI,XLY
BFK,XLF
BFLY,XLV
BFOR,ETF
BFO,XLF
BFRA,XLV
BFST,XLF
BFS,XLRE
BFTR,ETF
BFT,XLF
BFY,XLF
BFZ,XLF
BGB,XLF
BGCP,XLF
BGFV,XLY
BGH,XLF
BGIO,XLF
BGI,XLY
BGLD,ETF
BGNE,XLV
BGRN,ETF
BGR,XLF
BGSF,XLI
BGS,XLP
BGSX,XLF
BGT,XLF
BG,XLP
BGX,XLF
BGY,XLF
BHAT,XLC
BHB,XLF
BHC,XLV
BHE,XLK
BHFAL,ETF
BHFAN,XLF
BHFAO,XLF
BHFAP,XLF
BHF,XLF
BHK,XLF
BHLB,XLF
BHP,XLB
BHR,XLRE
BHSEU,XLF
BHSE,XLF
BHTG,XLI
BHVN,XLV
BHV,XLF
BH,XLY
BIB,ETF
BIBL,ETF
BICK,ETF
BIDU,XLC
BIF,XLF
BIGC,XLK
BIG,XLP
BIGZ,XLF
BIIB,XLV
BIL,ETF
BILI,XLC
BILL,XLK
BILS,ETF
BIMI,XLV
BIOC,XLV
BIOL,XLV
BIOTU,XLF
BIOT,XLF
BIO,XLV
BIOX,XLB
BIPC,XLU
BIP,XLU
BIS,ETF
BITE,XLF
BITI,XLV
BITO,ETF
BITQ,ETF
BIT,XLF
BIV,ETF
BIVI,XLV
BIZD,ETF
BJAN,ETF
BJK,ETF
BJRI,XLY
BJUL,ETF
BJUN,ETF
BJ,XLP
BKAG,ETF
BKCC,XLF
BKD,XLV
BKEM,ETF
BKEPP,XLE
BKEP,XLE
BKE,XLY
BKF,ETF
BKH,XLU
BKHY,ETF
BKIE,ETF
BKI,XLK
BKK,XLF
BKLC,ETF
BKLN,ETF
BKMC,ETF
BKNG,XLY
BKN,XLF
BKR,XLE
BKSB,ETF
BKSC,XLF
BKSE,ETF
BKTI,XLK
BKT,XLF
BKU,XLF
BK,XLF
BKYI,XLI
BLBD,XLY
BLCM,XLV
BLCN,ETF
BLCT,XLC
BLDE,XLI
BLDG,ETF
BLDP,XLI
BLDR,XLI
BLD,XLI
BLES,ETF
BLE,XLF
BLFS,XLV
BLHY,ETF
BLIN,XLK
BLI,XLV
BLKB,XLK
BLK,XLF
BLL,XLY
BLMN,XLY
BLNK,XLY
BLOK,ETF
BLPH,XLV
BLRX,XLV
BLSA,XLF
BLTSU,XLF
BLTS,XLF
BLUA,XLF
BLUE,XLV
BLUWU,XLF
BLUW,XLF
BLU,XLV
BLV,ETF
BLW,XLF
BL,XLK
BLX,XLF
BMAR,ETF
BMA,XLF
BMAY,ETF
BMBL,XLK
BMCH,XLI
BMEA,XLV
BMED,ETF
BME,XLF
BMI,XLI
BMLP,ETF
BMO,XLF
BMRA,XLV
BMRC,XLF
BMRN,XLV
BMTC,XLF
BMTX,XLK
BMY,XLV
BNDC,ETF
BND,ETF
BNDW,ETF
BNDX,ETF
BNED,XLY
BNE,ETF
BNFT,XLK
BNGO,XLV
BNKD,ETF
BNKO,ETF
BNKU,ETF
BNKZ,ETF
BNL,XLRE
BNO,ETF
BNOV,ETF
BNR,XLV
BNSO,XLK
BNS,XLF
BNTC,XLV
BNTX,XLV
BNY,XLF
BOAC,XLF
BOAS,XLF
BOB,ETF
BOCH,XLF
BOCT,ETF
BOE,XLF
BOH,XLF
BOIL,ETF
BOKF,XLF
BOLT,XLV
BOMN,XLC
BOND,ETF
BOOM,XLE
BOOT,XLY
BORR,XLE
BOSC,XLK
BOSS,ETF
BOTJ,XLF
BOTZ,ETF
BOUT,ETF
BOWXU,XLF
BOWX,XLF
BOXL,XLK
BOX,XLK
BPFH,XLF
BPMC,XLV
BPMP,XLE
BPOPM,XLF
BPOPN,XLF
BPOP,XLF
BPRN,XLF
BPTH,XLV
BPTS,XLV
BPT,XLE
BP,XLE
BPYPN,XLRE
BPYPO,XLRE
BPYPP,XLRE
BPYUP,XLRE
BPYU,XLRE
BPY,XLRE
BQ,XLY
BRBR,XLP
BRBS,XLF
BRC,XLI
BREZ,XLF
BRF,ETF
BRFS,XLP
BRG,XLRE
BRID,XLP
BRIVU,XLF
BRK.A,XLF
BRK.B,XLF
BRKL,XLF
BRKR,XLV
BRKS,XLK
BRLIU,XLF
BRLI,XLF
BRMK,XLRE
BRN,XLE
BROG,XLE
BROS,XLY
BRO,XLF
BRPAU,XLF
BRPA,XLF
BRPMU,XLF
BRPM,XLF
BRP,XLF
BRQS,XLK
BRT,XLRE
BR,XLK
BRX,XLRE
BRY,XLE
BRZE,XLK
BRZU,ETF
BSAC,XLF
BSAE,ETF
BSBE,ETF
BSBK,XLF
BSBR,XLF
BSCE,ETF
BSCK,ETF
BSCL,ETF
BSCM,ETF
BSCN,ETF
BSCO,ETF
BSCP,ETF
BSCQ,ETF
BSCR,ETF
BSCS,ETF
BSCT,ETF
BSCU,ETF
BSDE,ETF
BSD,XLF
BSEP,ETF
BSET,XLY
BSE,XLF
BSGM,XLV
BSIG,XLF
BSJK,ETF
BSJL,ETF
BSJM,ETF
BSJN,ETF
BSJO,ETF
BSJP,ETF
BSJQ,ETF
BSJR,ETF
BSJS,ETF
BSKYU,XLF
BSL,XLF
BSML,ETF
BSMM,ETF
BSMN,ETF
BSMO,ETF
BSMP,ETF
BSMQ,ETF
BSMR,ETF
BSMS,ETF
BSMT,ETF
BSMU,ETF
BSM,XLE
BSMX,XLF
BSN,XLF
BSPE,XLF
BSQR,XLK
BSRR,XLF
BST,XLF
BSV,ETF
BSVN,XLF
BSX,XLV
BSY,XLK
BTAI,XLV
BTAL,ETF
BTAQU,XLF
BTAQ,XLF
BTA,XLF
BTBT,XLK
BTC,ETF
BTCM,XLK
BTEC,ETF
BTEK,ETF
BTG,XLB
BTI,XLP
BTNB,XLF
BTN,XLY
BTO,XLF
BTRS,XLK
BTT,XLF
BTU,XLE
BTWNU,XLF
BTWN,XLF
BTX,XLV
BTZ,XLF
BUD,XLP
BUFD,ETF
BUFF,ETF
BUFR,ETF
BUG,ETF
BUI,XLF
BUL,ETF
BURL,XLY
BUR,XLF
BUSE,XLF
BUYZ,ETF
BUZZ,ETF
BVH,XLY
BVN,XLB
BVS,XLV
BV,XLI
BVXV,XLV
BWACU,XLF
BWAC,XLF
BWA,XLY
BWAY,XLV
BWB,XLF
BWEN,XLI
BWFG,XLF
BWG,XLF
BWMN,XLI
BWMX,XLY
BWX,ETF
BW,XLI
BWXT,XLI
BWZ,ETF
BXC,XLI
BXG,XLY
B,XLI
BXMT,XLRE
BXMX,XLF
BXP,XLRE
BXRX,XLV
BXS,XLF
BX,XLF
BYD,XLY
BYFC,XLF
BYLD,ETF
BYM,XLF
BYND,XLP
BYRN,XLI
BYSI,XLV
BYTSU,XLF
BYTS,XLF
BY,XLF
BZH,XLY
BZM,XLF
BZQ,ETF
BZUN,XLY
CAAP,XLI
CAAS,XLY
CABA,XLV
CABO,XLC
CACC,XLF
CACG,ETF
CACI,XLK
CAC,XLF
CADE,XLF
CAE,XLI
CAF,XLF
CAG,XLP
CAHCU,XLF
CAHC,XLF
CAH,XLV
CAI,XLI
CAJ,XLK
CAKE,XLY
CALA,XLV
CALB,XLF
CALF,ETF
CALM,XLP
CALT,XLV
CAL,XLY
CALX,XLK
CAMP,XLK
CAMT,XLK
CANE,ETF
CANF,XLV
CANG,XLC
CANO,XLV
CAN,XLK
CAPAU,XLF
CAPA,XLF
CAPE,ETF
CAPL,XLE
CAPR,XLV
CAP,XLF
CARA,XLV
CARE,XLF
CARG,XLC
CARR,XLI
CARS,XLY
CARV,XLF
CAR,XLI
CARZ,ETF
CASA,XLK
CASH,XLF
CASI,XLV
CASS,XLI
CAS,XLF
CASY,XLP
CATB,XLV
CATC,XLF
CATH,ETF
CATM,XLI
CATO,XLY
CAT,XLI
CATY,XLF
CBAH,XLF
CBAN,XLF
CBAT,XLI
CBAY,XLV
CBB,XLC
CBD,XLY
CBFV,XLF
CBH,XLF
CBIO,XLV
CBLI,XLV
CBLS,ETF
CBMB,XLF
CBMG,XLV
CBNK,XLF
CBOE,XLF
CBON,ETF
CBPO,XLV
CBRE,XLRE
CBRL,XLY
CBSE,ETF
CBSH,XLF
CBTG,ETF
CBT,XLB
CBTX,XLF
CBU,XLF
CB,XLF
CBZ,XLI
CCAC,XLF
CCAP,XLF
CCBG,XLF
CCB,XLF
CCCC,XLV
CCC,XLK
CCD,XLF
CCEP,XLP
CCF,XLB
CCIV,XLF
CCI,XLRE
CCJ,XLE
CCK,XLY
CCLP,XLE
CCL,XLY
CCMP,XLK
CCM,XLV
CCNC,XLI
CCNEP,XLF
CCNE,XLF
CCOI,XLC
CCON,ETF
CCOR,ETF
CCO,XLC
CCRC,XLK
CCRN,XLI
CCRV,ETF
CCR,XLE
CCS,XLY
CCU,XLP
CCVI,XLF
CCV,XLC
CCXI,XLV
CC,XLB
CCX,XLF
CCZ,XLC
CDAK,XLV
CDAY,XLK
CDC,ETF
CDEV,XLE
CDE,XLB
CDK,XLK
CDL,ETF
CDLX,XLC
CDMOP,XLV
CDMO,XLV
CDNA,XLV
CDNS,XLK
CDOR,XLRE
CDR,XLRE
CDTX,XLV
CDW,XLK
CDXC,XLV
CD,XLK
CDXS,XLV
CDZI,XLU
CEA,XLI
CECE,XLI
CEE,XLF
CEFA,ETF
CEFD,ETF
CEFS,ETF
CEF,XLF
CEG,XLU
CEI,XLE
CEIX,XLE
CELC,XLV
CELH,XLP
CELP,XLE
CEL,XLC
CEMB,ETF
CEMI,XLV
CEM,XLF
CENHU,XLF
CENH,XLF
CENTA,XLP
CENT,XLP
CEN,XLF
CENX,XLB
CEO,XLE
CEPU,XLU
CEQP,XLE
CERC,XLV
CERE,XLV
CERN,XLV
CERS,XLV
CERT,XLV
CET,XLF
CETXP,XLK
CETX,XLK
CEVA,XLK
CEV,XLF
CEW,ETF
CE,XLB
CEY,ETF
CEZ,ETF
CFACU,XLF
CFAC,XLF
CFA,ETF
CFBI,XLF
CFBK,XLF
CFB,XLF
CFCV,ETF
CFFEU,XLF
CFFE,XLF
CFFI,XLF
CFFN,XLF
CFFVU,XLF
CFG,XLF
CFIIU,XLF
CFII,XLF
CFIVU,XLF
CFIV,XLF
CFLT,XLK
CFMS,XLV
CFO,ETF
CFR,XLF
CFRX,XLV
CFVIU,XLF
CFVI,XLF
CFV,XLF
CFXA,XLI
CF,XLB
CFX,XLI
CGAU,XLB
CGA,XLB
CGBD,XLF
CGC,XLV
CGEM,XLV
CGEN,XLV
CGIX,XLV
CGNT,XLK
CGNX,XLK
CGO,XLF
CGRN,XLI
CGROU,XLF
CGRO,XLF
CGW,ETF
CG,XLF
CHAA,XLF
CHAD,ETF
CHAQ,XLF
CHAU,ETF
CHA,XLC
CHB,ETF
CHCI,XLRE
CHCO,XLF
CHCT,XLRE
CHDN,XLY
CHD,XLP
CHEF,XLP
CHEK,XLV
CHEP,ETF
CHE,XLV
CHFS,XLV
CHFW,XLF
CHGG,XLP
CHGX,ETF
CHH,XLY
CHIC,ETF
CHIE,ETF
CHIH,ETF
CHII,ETF
CHIK,ETF
CHIL,ETF
CHIM,ETF
CHIQ,ETF
CHIR,ETF
CHIS,ETF
CHIU,ETF
CHIX,ETF
CHI,XLF
CHKP,XLK
CHK,XLE
CHL,XLC
CHMA,XLV
CHMG,XLF
CHMI,XLRE
CHNA,ETF
CHNG,XLV
CHNR,XLB
CHN,XLF
CHPMU,XLF
CHPM,XLF
CHPT,XLY
CHRA,XLI
CHRD,XLE
CHRS,XLV
CHRW,XLI
CHSCL,XLP
CHSCM,XLP
CHSCN,XLP
CHSCO,XLP
CHSCP,XLP
CHS,XLY
CHTR,XLC
CHT,XLC
CHU,XLC
CHUY,XLY
CHW,XLF
CHWY,XLY
CHX,XLE
CHY,XLF
CIA,XLF
CIBR,ETF
CIB,XLF
CID,ETF
CIDM,XLC
CIEN,XLK
CIF,XLF
CIGI,XLRE
CIG,XLU
CIH,XLK
CIICU,XLF
CIIC,XLF
CII,XLF
CIK,XLF
CIL,ETF
CIM,XLRE
CINF,XLF
CINR,XLB
CIO,XLRE
CIR,XLI
CIT,XLF
CIVB,XLF
CI,XLV
CIX,XLI
CIXX,XLF
CIZ,ETF
CIZN,XLF
CJJD,XLV
CKH,XLE
CKPT,XLV
CKX,XLE
CLAA,XLF
CLAR,XLY
CLAS,XLF
CLA,XLF
CLBK,XLF
CLBS,XLV
CLB,XLE
CLCT,XLI
CLDB,XLF
CLDL,ETF
CLDR,XLK
CLDS,ETF
CLDT,XLRE
CLDX,XLV
CLEU,XLP
CLFD,XLK
CLF,XLB
CLGN,XLV
CLGX,XLK
CLH,XLI
CLII,XLF
CLIM,XLF
CLIR,XLI
CLIX,ETF
CLI,XLRE
CLLS,XLV
CLMT,XLE
CLM,XLF
CLNC,XLRE
CLNE,XLE
CLNN,XLV
CLNY,XLRE
CLOU,ETF
CLOV,XLV
CLPR,XLRE
CLPS,XLK
CLPT,XLV
CLRB,XLV
CLRG,ETF
CLRMU,XLF
CLRM,XLF
CLRO,XLK
CLR,XLE
CLSD,XLV
CLSK,XLK
CLSN,XLV
CLS,XLK
CLTL,ETF
CLVR,XLV
CLVS,XLV
CLVT,XLK
CLWT,XLI
CLW,XLB
CL,XLP
CLXT,XLP
CLX,XLP
CMA,XLF
CMBM,XLK
CMBS,ETF
CMCL,XLB
CMCM,XLK
CMCO,XLI
CMCSA,XLC
CMCTP,XLRE
CMCT,XLRE
CMC,XLB
CMD,XLV
CMDY,ETF
CME,XLF
CMF,ETF
CMG,XLY
CMIIU,XLF
CMII,XLF
CMI,XLI
CMLFU,XLF
CMLF,XLF
CMLS,XLC
CMLTU,XLF
CMMB,XLV
CMO,XLRE
CMPI,XLV
CMPR,XLC
CMPS,XLV
CMP,XLB
CMRE,XLI
CMRX,XLV
CMSA,ETF
CMSC,ETF
CMS,XLU
CMTL,XLK
CMT,XLB
CMU,XLF
CM,XLF
CNA,XLF
CNBKA,XLF
CNBS,ETF
CNCE,XLV
CNCR,ETF
CNC,XLV
CNDT,XLK
CND,XLF
CN,ETF
CNET,XLC
CNEY,XLB
CNFRL,ETF
CNFR,XLF
CNF,XLF
CNHI,XLI
CNI,XLI
CNK,XLC
CNMD,XLV
CNNB,XLF
CNNE,XLY
CNOB,XLF
CNO,XLF
CNP,XLU
CNQ,XLE
CNRG,ETF
CNR,XLI
CNSL,XLC
CNSP,XLV
CNST,XLV
CNS,XLF
CNTB,XLV
CNTG,XLV
CNTY,XLY
CNXC,XLK
CNXN,XLK
CNXT,ETF
CNX,XLE
CNYA,ETF
COCP,XLV
CODA,XLI
CODI,XLI
CODX,XLV
COE,XLP
COFS,XLF
COF,XLF
COGT,XLV
COG,XLE
COHN,XLF
COHR,XLK
COHU,XLK
COIN,XLK
COKE,XLP
COLB,XLF
COLD,XLRE
COLIU,XLF
COLI,XLF
COLL,XLV
COLM,XLY
COMB,ETF
COM,ETF
COMM,XLK
COMP,XLK
COMS,XLC
COMT,ETF
CONE,XLRE
CONN,XLY
CONXU,XLF
CONX,XLF
COOLU,XLF
COOL,XLF
COOP,XLF
COO,XLV
COPX,ETF
COP,XLE
CORE,XLP
CORN,ETF
CORP,ETF
CORR,XLRE
CORT,XLV
COR,XLRE
COST,XLP
COTY,XLP
COUP,XLK
COUR,XLP
COVAU,XLF
COVA,XLF
COW,ETF
COWN,XLF
COWZ,ETF
CO,XLV
CPAC,XLB
CPAH,XLK
CPA,XLI
CPB,XLP
CPER,ETF
CPE,XLE
CPF,XLF
CPG,XLE
CPHC,XLY
CPHI,XLV
CPI,ETF
CPIX,XLV
CPK,XLU
CPLG,XLRE
CPLP,XLI
CPNG,XLY
CPRI,XLY
CPRT,XLI
CPRX,XLV
CPSH,XLK
CPSI,XLV
CPSR,XLF
CPSS,XLF
CPST,XLI
CPS,XLY
CPTA,XLF
CPTK,XLF
CPT,XLRE
CPUH,XLF
CP,XLI
CQP,XLE
CQQQ,ETF
CRAI,XLI
CRAK,ETF
CRBN,ETF
CRBP,XLV
CRCT,XLK
CRC,XLE
CRDF,XLV
CREE,XLK
CREG,XLU
CRESY,XLP
CREX,XLK
CRF,XLF
CRHC,XLF
CRHM,XLV
CRH,XLB
CRIS,XLV
CRI,XLY
CRKN,XLB
CRK,XLE
CRL,XLV
CRMD,XLV
CRMT,XLY
CRM,XLK
CRNC,XLK
CRNT,XLK
CRNX,XLV
CROC,ETF
CRON,XLV
CROX,XLY
CRSAU,XLF
CRSA,XLF
CRSP,XLV
CRSR,XLK
CRS,XLI
CRTD,XLC
CRTO,XLC
CRT,XLE
CRTX,XLV
CRUS,XLK
CRU,XLF
CRVL,XLF
CRVS,XLV
CRWD,XLK
CRWS,XLY
CR,XLI
CRY,XLV
CRZNU,XLF
CSA,ETF
CSAN,XLE
CSB,ETF
CSBR,XLV
CSCO,XLK
CSCW,XLB
CSD,ETF
CSF,ETF
CSGP,XLRE
CSGS,XLK
CSII,XLV
CSIQ,XLK
CSLT,XLV
CSL,XLI
CSM,ETF
CSML,ETF
CSOD,XLK
CSPI,XLK
CSPR,XLY
CSQ,XLF
CSR,XLRE
CSSEP,XLC
CSSE,XLC
CSTA,XLF
CSTE,XLI
CSTL,XLV
CSTM,XLB
CSTR,XLF
CSU,XLV
CSV,XLY
CSWC,XLF
CSWI,XLI
CS,XLF
CSX,XLI
CTAC,XLF
CTAQU,XLF
CTAQ,XLF
CTAS,XLI
CTBB,ETF
CTBI,XLF
CTB,XLY
CTDD,ETF
CTEC,ETF
CTEK,XLK
CTG,XLK
CTHR,XLY
CTIB,XLY
CTIC,XLV
CTK,XLK
CTLP,XLK
CTLT,XLV
CTMX,XLV
CTOS,XLI
CTO,XLRE
CTRA,XLE
CTRE,XLRE
CTRM,XLI
CTRN,XLY
CTR,XLF
CTSH,XLK
CTSO,XLV
CTS,XLK
CTT,XLRE
CTVA,XLB
CTXR,XLV
CTXS,XLK
CUBA,XLF
CUBE,XLRE
CUBI,XLF
CUB,XLI
CUEN,XLK
CUE,XLV
CUK,XLY
CULP,XLY
CURE,ETF
CURI,XLC
CURO,XLF
CUT,ETF
CUTR,XLV
CUZ,XLRE
CVAC,XLV
CVA,XLI
CVBF,XLF
CVCO,XLY
CVCY,XLF
CVEO,XLI
CVET,XLV
CVE,XLE
CVGI,XLY
CVGW,XLP
CVII,XLF
CVI,XLE
CVLG,XLI
CVLT,XLK
CVLY,XLF
CVM,XLV
CVNA,XLY
CVR,XLI
CVS,XLV
CVU,XLI
CVV,XLI
CVX,XLE
CVY,ETF
CWBC,XLF
CWB,ETF
CWBR,XLV
CWCO,XLU
CWEB,ETF
CWEN,XLU
CWH,XLY
CWI,ETF
CWK,XLRE
CWS,ETF
CWST,XLI
CWT,XLU
CW,XLI
CXDC,XLY
CXDO,XLK
CXE,XLF
CXH,XLF
C,XLF
CXO,XLE
CXP,XLRE
CXSE,ETF
CXW,XLRE
CX,XLB
CYAD,XLV
CYAN,XLP
CYB,ETF
CYBE,XLK
CYBR,XLK
CYCCP,XLV
CYCC,XLV
CYCN,XLV
CYD,XLI
CYH,XLV
CYRN,XLK
CYRX,XLI
CYTH,XLV
CYTK,XLV
CZA,ETF
CZNC,XLF
CZR,XLY
CZWI,XLF
CZZ,XLE
DAC,XLI
DADA,XLY
DAIO,XLK
DAKT,XLK
DALI,ETF
DALT,ETF
DAL,XLI
DAN,XLY
DAO,XLC
DAPP,ETF
DAPR,ETF
DARE,XLV
DAR,XLP
DASH,XLC
DAUG,ETF
DAVA,XLK
DAX,ETF
DBA,ETF
DBAW,ETF
DBB,ETF
DBC,ETF
DBDRU,XLF
DBDR,XLF
DBD,XLK
DBE,ETF
DBEF,ETF
DBEH,ETF
DBEM,ETF
DBEU,ETF
DBEZ,ETF
DBGR,ETF
DBI,XLY
DBJA,ETF
DBJP,ETF
DBLV,ETF
DBL,XLF
DBMF,ETF
DBOC,ETF
DBO,ETF
DBP,ETF
DBS,ETF
DBTX,XLV
DBV,ETF
DBVT,XLV
DB,XLF
DBX,XLK
DCBO,XLK
DCF,XLF
DCI,XLI
DCOMP,XLF
DCOM,XLF
DCO,XLI
DCPH,XLV
DCP,XLE
DCRBU,XLF
DCRB,XLF
DCRCU,XLF
DCRNU,XLF
DCRN,XLF
DCTH,XLV
DCT,XLK
DCUE,XLU
DDD,XLK
DDEC,ETF
DDF,XLF
DDG,ETF
DDIV,ETF
DDLS,ETF
DDM,ETF
DDMX,XLF
DDOG,XLK
DDS,XLY
DDT,XLY
DDWM,ETF
DD,XLB
DEA,XLRE
DECK,XLY
DECZ,ETF
DEED,ETF
DEEF,ETF
DEEP,ETF
DEFA,ETF
DEF,ETF
DEFN,ETF
DEH,XLF
DEI,XLRE
DELL,XLK
DEM,ETF
DEMZ,ETF
DENN,XLY
DEN,XLE
DEO,XLP
DES,ETF
DESP,XLY
DEUS,ETF
DEW,ETF
DE,XLI
DEX,XLF
DFAE,ETF
DFAI,ETF
DFAU,ETF
DFEB,ETF
DFE,ETF
DFEN,ETF
DFFN,XLV
DFHTU,XLF
DFHT,XLF
DFH,XLY
DFHY,ETF
DFIN,XLF
DFJ,ETF
DFND,ETF
DFNL,ETF
DFNS,XLF
DFNV,ETF
DFPHU,XLF
DFPH,XLF
DFP,XLF
DFS,XLF
DFVL,ETF
DFVS,ETF
DGICA,XLF
DGICB,XLF
DGII,XLK
DGL,ETF
DGLY,XLI
DGNR,XLF
DGNS,XLF
DGNU,XLF
DGP,ETF
DGRE,ETF
DGRO,ETF
DGRS,ETF
DGRW,ETF
DGS,ETF
DGT,ETF
DG,XLP
DGX,XLV
DGZ,ETF
DHBCU,XLF
DHBC,XLF
DHCAU,XLF
DHCA,XLF
DHC,XLRE
DHF,XLF
DHHCU,XLF
DHHC,XLF
DHIL,XLF
DHI,XLY
DHR,XLV
DHS,ETF
DHT,XLE
DHX,XLI
DHY,XLF
DIA,ETF
DIAL,ETF
DIAX,XLF
DIG,ETF
DIM,ETF
DINO,XLE
DINT,ETF
DIN,XLY
DIOD,XLK
DISAU,XLF
DISCA,XLC
DISCB,XLC
DISCK,XLC
DISH,XLC
DIS,XLC
DIT,XLP
DIVA,ETF
DIVB,ETF
DIV,ETF
DIVO,ETF
DIVS,ETF
DIVZ,ETF
DJAN,ETF
DJCB,ETF
DJCO,XLC
DJD,ETF
DJP,ETF
DJUL,ETF
DJUN,ETF
DKDCU,XLF
DKL,XLE
DKNG,XLY
DKS,XLY
DK,XLE
DLA,XLY
DLB,XLC
DLCAU,XLF
DLCA,XLF
DLHC,XLI
DLN,ETF
DLNG,XLE
DLO,XLK
DLPN,XLC
DLR,XLRE
DLS,ETF
DLTH,XLY
DLTR,XLP
DL,XLP
DLX,XLC
DMAC,XLV
DMAR,ETF
DMAY,ETF
DMB,XLF
DMCY,ETF
DMDV,ETF
DMF,XLF
DMLP,XLE
DMO,XLF
DMRC,XLK
DMRE,ETF
DMRI,ETF
DMRL,ETF
DMRM,ETF
DMRS,ETF
DMS,XLC
DMTK,XLV
DMXF,ETF
DM,XLB
DMYD,XLF
DMYI,XLF
DMYQ,XLF
DMYT,XLF
DNB,XLK
DNKN,XLY
DNK,XLRE
DNL,ETF
DNLI,XLV
DNMR,XLB
DNN,XLE
DNOV,ETF
DNOW,XLE
DNP,XLF
DNZ,XLF
DOCN,XLK
DOCS,XLV
DOCT,ETF
DOCU,XLK
DOC,XLRE
DOG,ETF
DOGZ,XLP
DOL,ETF
DOMO,XLK
DON,ETF
DOO,ETF
DOOO,XLY
DOOR,XLI
DORM,XLY
DOV,XLI
DOW,XLB
DOX,XLK
DOYU,XLC
DPG,XLF
DPST,ETF
DPW,XLI
DPZ,XLY
DQ,XLK
DRADP,XLV
DRAD,XLV
DRD,XLB
DRE,XLRE
DRH,XLRE
DRIO,XLV
DRIP,ETF
DRIV,ETF
DRI,XLY
DRNA,XLV
DRN,ETF
DRQ,XLE
DRRX,XLV
DRSK,ETF
DRTT,XLI
DRUA,ETF
DRV,ETF
DRVN,XLY
DRW,ETF
DSACU,XLF
DSAC,XLF
DSEP,ETF
DSE,XLF
DSEY,XLY
DSGN,XLV
DSGX,XLK
DSI,ETF
DSJA,ETF
DSKE,XLI
DSL,XLF
DSM,XLF
DSOC,ETF
DSPG,XLK
DSP,XLK
DSSI,XLE
DSS,XLI
DSTL,ETF
DSTX,ETF
DSU,XLF
DSWL,XLK
DS,XLY
DSX,XLI
DTD,ETF
DTEA,XLP
DTEC,ETF
DTE,XLU
DTF,XLF
DTH,ETF
DTIL,XLV
DTJ,ETF
DTN,ETF
DTOCU,XLF
DTOC,XLF
DTSS,XLK
DTW,ETF
DT,XLK
DTY,ETF
DUAL,ETF
DUC,XLF
DUDE,ETF
DUG,ETF
DUKB,ETF
DUKH,ETF
DUK,XLU
DUNEU,XLF
DUNE,XLF
DUOT,XLK
DUO,XLRE
DURA,ETF
DUSA,ETF
DUSL,ETF
DUST,ETF
DVA,XLV
DVAX,XLV
DVD,XLY
DVLU,ETF
DVN,XLE
DVOL,ETF
DV,XLK
DVYA,ETF
DVYE,ETF
DVY,ETF
DWAC,XLF
DWAS,ETF
DWAT,ETF
DWAW,ETF
DWCR,ETF
DWEQ,ETF
DWFI,ETF
DWLD,ETF
DWMC,ETF
DWM,ETF
DWMF,ETF
DWPP,ETF
DWSH,ETF
DWSN,XLE
DWUS,ETF
DWX,ETF
DXCM,XLV
DXC,XLK
DXD,ETF
DXF,XLF
DXGE,ETF
DXJ,ETF
DXJS,ETF
DXLG,XLY
D,XLU
DXPE,XLI
DXR,XLV
DX,XLRE
DXYN,XLY
DYAI,XLV
DYHG,ETF
DYNF,ETF
DYNT,XLV
DYN,XLV
DY,XLI
DZSI,XLK
DZZ,ETF
EACPU,XLF
EAC,XLF
EAD,XLF
EAF,XLI
EAGG,ETF
EAI,ETF
EAOA,ETF
EAOK,ETF
EAOM,ETF
EAOR,ETF
EAPR,ETF
EARN,XLRE
EARS,XLV
EAR,XLV
EASG,ETF
EAST,XLP
EAT,XLY
EATZ,ETF
EA,XLC
EBACU,XLF
EBAC,XLF
EBAYL,XLY
EBAY,XLY
EBC,XLF
EBET,XLY
EBF,XLI
EBIX,XLK
EBIZ,ETF
EBLU,ETF
EBMT,XLF
EBND,ETF
EBON,XLK
EBR,XLU
EBSB,XLF
EBS,XLV
EBTC,XLF
EB,XLK
ECCB,XLF
ECC,XLF
ECCY,ETF
ECF,XLF
ECH,ETF
ECHO,XLI
ECLN,ETF
ECL,XLB
ECNS,ETF
ECOL,XLI
ECOM,XLK
ECON,ETF
ECOR,XLV
ECOW,ETF
ECOZ,ETF
ECPG,XLF
EC,XLE
EDAP,XLV
EDC,ETF
EDD,XLF
EDEN,ETF
EDF,XLF
EDIT,XLV
EDIV,ETF
EDI,XLF
EDN,XLU
EDOC,ETF
EDOG,ETF
EDOW,ETF
EDR,XLC
EDRY,XLI
EDSA,XLV
EDTK,XLP
EDTXU,XLF
EDTX,XLF
EDUC,XLC
EDUT,ETF
EDU,XLP
EDV,ETF
ED,XLU
EDZ,ETF
EEA,XLF
EEFT,XLK
EEH,ETF
EEIQ,XLP
EELV,ETF
EEMA,ETF
EEMD,ETF
EEM,ETF
EEMO,ETF
EEMS,ETF
EEMV,ETF
EEMX,ETF
EES,ETF
EET,ETF
EEV,ETF
EEX,XLC
EFAD,ETF
EFA,ETF
EFAS,ETF
EFAV,ETF
EFAX,ETF
EFC,XLF
EFF,XLF
EFG,ETF
EFIV,ETF
EFIX,ETF
EFL,XLF
EFNL,ETF
EFO,ETF
EFOI,XLY
EFR,XLF
EFSC,XLF
EFT,XLF
EFU,ETF
EFV,ETF
EFX,XLI
EFZ,ETF
EGAN,XLK
EGBN,XLF
EGF,XLF
EGHT,XLK
EGIS,ETF
EGLE,XLI
EGLX,XLC
EGOV,XLK
EGO,XLB
EGPT,ETF
EGP,XLRE
EGRX,XLV
EGY,XLE
EHC,XLV
EHI,XLF
EHTH,XLF
EHT,XLF
EH,XLI
EIDO,ETF
EIDX,XLV
EIGI,XLK
EIGR,XLV
EIG,XLF
EIM,XLF
EINC,ETF
EIRL,ETF
EIS,ETF
EIX,XLU
EJAN,ETF
EJFAU,XLF
EJFA,XLF
EJUL,ETF
EKAR,ETF
EKSO,XLV
ELAN,XLV
ELA,XLY
ELC,ETF
ELD,ETF
ELDN,XLV
ELF,XLP
ELLO,XLU
ELMD,XLV
ELOX,XLV
ELP,XLU
ELSE,XLK
ELS,XLRE
ELTK,XLK
ELU,ETF
ELVT,XLF
ELV,XLV
EL,XLP
ELYS,XLY
ELY,XLY
EMAG,ETF
EMAN,XLK
EMBD,ETF
EMB,ETF
EMBH,ETF
EMCB,ETF
EMCF,XLF
EMDV,ETF
EMD,XLF
EME,XLI
EMFM,ETF
EMF,XLF
EMGF,ETF
EMHC,ETF
EMHY,ETF
EMIF,ETF
EMKR,XLK
EMLC,ETF
EMLP,ETF
EML,XLI
EMMF,ETF
EMNT,ETF
EMN,XLB
EMO,XLF
EMP,ETF
EMPW,XLF
EMQQ,ETF
EMR,XLI
EMSG,ETF
EMSH,ETF
EMTL,ETF
EMTY,ETF
EMXC,ETF
EMXF,ETF
EM,XLY
EMX,XLB
ENBA,ETF
ENBL,XLE
ENB,XLE
ENDP,XLV
ENFAU,XLF
ENFA,XLF
ENFR,ETF
ENG,XLI
ENIA,XLU
ENIC,XLU
ENJ,ETF
ENLC,XLE
ENLV,XLV
ENNV,XLF
ENOB,XLV
ENO,ETF
ENOR,ETF
ENPC,XLF
ENPH,XLK
ENR,XLI
ENSG,XLV
ENSV,XLE
ENS,XLI
ENTA,XLV
ENTG,XLK
ENTR,ETF
ENTX,XLV
ENVA,XLF
ENVB,XLV
ENVIU,XLF
ENVI,XLF
ENV,XLK
ENVX,XLI
ENX,XLF
ENZL,ETF
ENZ,XLV
EOD,XLF
EOG,XLE
EOI,XLF
EOLS,XLV
EOSE,XLI
EOS,XLF
EOT,XLF
EPAC,XLI
EPAM,XLK
EPAY,XLK
EPC,XLP
EPD,XLE
EPHE,ETF
EPHYU,XLF
EPHY,XLF
EPI,ETF
EPIX,XLV
EPM,XLE
EPOL,ETF
EPP,ETF
EPRF,ETF
EPRT,XLRE
EPR,XLRE
EPS,ETF
EPSN,XLE
EPU,ETF
EPV,ETF
EPWR,XLF
EPZM,XLV
EQAL,ETF
EQBK,XLF
EQC,XLRE
EQD,XLF
EQHA,XLF
EQH,XLF
EQIX,XLRE
EQL,ETF
EQNR,XLE
EQOP,ETF
EQOS,XLF
EQRR,ETF
EQR,XLRE
EQS,XLF
EQT,XLE
EQWL,ETF
EQ,XLV
EQX,XLB
ERC,XLF
ERESU,XLF
ERES,XLF
ERF,XLE
ERH,XLF
ERIC,XLK
ERIE,XLF
ERII,XLI
ERJ,XLI
ERM,ETF
ERSX,ETF
ERTH,ETF
ERUS,ETF
ERX,ETF
ERY,ETF
ERYP,XLV
ESBA,XLRE
ESBK,XLF
ESCA,XLY
ESCR,ETF
ESEA,XLI
ESEB,ETF
ESE,XLK
ESGA,ETF
ESGC,XLC
ESGD,ETF
ESGE,ETF
ESG,ETF
ESGG,ETF
ESGN,ETF
ESGRO,XLF
ESGRP,XLF
ESGR,XLF
ESGS,ETF
ESGU,ETF
ESGV,ETF
ESHY,ETF
ESI,XLB
ESLT,XLI
ESML,ETF
ESM,XLF
ESNG,ETF
ESNT,XLF
ESPO,ETF
ESPR,XLV
ESP,XLI
ESQ,XLF
ESRT,XLRE
ESSA,XLF
ESSCU,XLF
ESSC,XLF
ESS,XLRE
ESTA,XLV
ESTC,XLK
ESTE,XLE
ESXB,XLF
ES,XLU
ETACU,XLF
ETAC,XLF
ETB,XLF
ETG,XLF
ETHO,ETF
ETH,XLY
ETJ,XLF
ETM,XLC
ETNB,XLV
ETN,XLI
ETON,XLV
ETO,XLF
ETRN,XLE
ETR,XLU
ETSY,XLY
ETTX,XLV
ETV,XLF
ETWO,XLK
ETW,XLF
ET,XLE
ETX,XLF
ETY,XLF
EUCG,ETF
EUCRU,XLF
EUCR,XLF
EUDG,ETF
EUDV,ETF
EUFN,ETF
EUFX,ETF
EUM,ETF
EUO,ETF
EURL,ETF
EURN,XLE
EURZ,ETF
EUSA,ETF
EUSB,ETF
EUSC,ETF
EUSGU,XLF
EUSG,XLF
EVA,XLB
EVAX,XLV
EVBG,XLK
EVBN,XLF
EVC,XLC
EVER,XLC
EVEX,XLI
EVFM,XLV
EVF,XLF
EVGN,XLV
EVGO,XLY
EVG,XLF
EVH,XLV
EVI,XLI
EVK,XLY
EVLO,XLV
EVM,XLF
EVN,XLF
EVOJU,XLF
EVOJ,XLF
EVOK,XLV
EVOL,XLK
EVOP,XLK
EVRG,XLU
EVRI,XLY
EVR,XLF
EVTC,XLK
EVTL,XLI
EVT,XLF
EVV,XLF
EVX,ETF
EV,XLF
EVY,XLF
EWA,ETF
EWBC,XLF
EWC,ETF
EWCO,ETF
EWD,ETF
EWEB,ETF
EWG,ETF
EWGS,ETF
EWH,ETF
EWI,ETF
EWJE,ETF
EWJ,ETF
EWJV,ETF
EWK,ETF
EWL,ETF
EWMC,ETF
EWM,ETF
EWN,ETF
EWO,ETF
EWP,ETF
EWQ,ETF
EWRE,ETF
EWSC,ETF
EWS,ETF
EWT,ETF
EWTX,XLV
EWU,ETF
EWUS,ETF
EWV,ETF
EWW,ETF
EWX,ETF
EW,XLV
EWY,ETF
EWZ,ETF
EWZS,ETF
EXAS,XLV
EXC,XLU
EXD,XLF
EXEL,XLV
EXFO,XLK
EXG,XLF
EXI,ETF
EXK,XLB
E,XLE
EXLS,XLK
EXN,XLB
EXPCU,XLF
EXPC,XLF
EXPD,XLI
EXPE,XLY
EXPI,XLRE
EXPO,XLI
EXPR,XLY
EXP,XLB
EXR,XLRE
EXTN,XLE
EXTR,XLK
EYEG,XLV
EYEN,XLV
EYES,XLV
EYE,XLY
EYLD,ETF
EYPT,XLV
EZA,ETF
EZGO,XLY
EZJ,ETF
EZM,ETF
EZPW,XLF
EZU,ETF
FAAR,ETF
FAB,ETF
FACA,XLF
FACT,XLF
FAD,ETF
FAF,XLF
FAII,XLF
FAIL,ETF
FALN,ETF
FAMI,XLP
FAM,XLF
FAN,ETF
FANG,XLE
FANH,XLF
FAPR,ETF
FARM,XLP
FARO,XLK
FAS,ETF
FAST,XLI
FATBP,XLY
FATE,XLV
FAT,XLY
FAUG,ETF
FAX,XLF
FAZ,ETF
FAZE,XLC
FBCG,ETF
FBCV,ETF
FBC,XLF
FBGX,ETF
FBHS,XLY
FBIOP,XLV
FBIO,XLV
FBIZ,XLF
FBK,XLF
FBMS,XLF
FBM,XLI
FBNC,XLF
FBND,ETF
FBP,XLF
FBRX,XLV
FBSS,XLF
FBT,ETF
FB,XLC
FBZ,ETF
FCACU,XLF
FCAC,XLF
FCA,ETF
FCAL,ETF
FCAP,XLF
FCAU,XLY
FCAX,XLF
FCBC,XLF
FCBP,XLF
FCCO,XLF
FCCY,XLF
FCEF,ETF
FCEL,XLI
FCFS,XLF
FCF,XLF
FCG,ETF
FCNCA,XLF
FCNCP,XLF
FCN,XLI
FCOM,ETF
FCOR,ETF
FCO,XLF
FCPI,ETF
FCPT,XLRE
FCRD,XLF
FCTR,ETF
FCT,XLF
FCVT,ETF
FC,XLI
FCX,XLB
FDBC,XLF
FDD,ETF
FDEC,ETF
FDEM,ETF
FDEU,XLF
FDEV,ETF
FDG,ETF
FDHY,ETF
FDIS,ETF
FDIV,ETF
FDL,ETF
FDLO,ETF
FDM,ETF
FDMO,ETF
FDMT,XLV
FDN,ETF
FDNI,ETF
FDP,XLP
FDRR,ETF
FDS,XLF
FDT,ETF
FDTS,ETF
FDUS,XLF
FDVV,ETF
FDX,XLI
FEAC,XLF
FEBZ,ETF
FEDU,XLP
FEDX,ETF
FEIM,XLK
FEI,XLF
FELE,XLI
FEMB,ETF
FEM,ETF
FEMS,ETF
FENC,XLV
FENG,XLC
FEN,XLF
FENY,ETF
FEO,XLF
FEP,ETF
FERG,XLI
FET,XLE
FEUL,ETF
FEUZ,ETF
FEVR,ETF
FEX,ETF
FE,XLU
FEYE,XLK
FEZ,ETF
FFA,XLF
FFBC,XLF
FFBW,XLF
FFC,XLF
FFEB,ETF
FFG,XLF
FFHG,ETF
FFHL,XLY
FFIC,XLF
FFIE,XLY
FFIN,XLF
FFIU,ETF
FFIV,XLK
FFNW,XLF
FFR,ETF
FFSG,ETF
FFTG,ETF
FFTI,ETF
FFTY,ETF
FFWM,XLF
FF,XLB
FGBIP,XLF
FGBI,XLF
FGB,XLF
FGD,ETF
FGEN,XLV
FGFPP,XLF
FGF,XLF
FGM,ETF
FGNA,XLF
FGRO,ETF
FHB,XLF
FHI,XLF
FHLC,ETF
FHN,XLF
FHS,XLP
FHTX,XLV
FIBK,XLF
FIBR,ETF
FICO,XLK
FICS,ETF
FID,ETF
FIDI,ETF
FIDU,ETF
FIEE,ETF
FIF,XLF
FIGB,ETF
FIHD,ETF
FIIIU,XLF
FIII,XLF
FILL,ETF
FINMU,XLF
FINM,XLF
FINV,XLF
FINX,ETF
FISI,XLF
FISK,XLRE
FISR,ETF
FISV,XLK
FIS,XLK
FITBI,XLF
FITBO,XLF
FITBP,XLF
FITB,XLF
FITE,ETF
FIT,XLK
FIVA,ETF
FIVE,XLY
FIVG,ETF
FIVN,XLK
FIV,XLF
FIW,ETF
FIXD,ETF
FI,XLE
FIX,XLI
FIXX,XLV
FIZZ,XLP
FJAN,ETF
FJNK,ETF
FJP,ETF
FJUL,ETF
FJUN,ETF
FKU,ETF
FKWL,XLK
FLACU,XLF
FLAC,XLF
FLAU,ETF
FLAX,ETF
FLBL,ETF
FLBR,ETF
FLCA,ETF
FLCB,ETF
FLCH,ETF
FLCO,ETF
FLC,XLF
FLDM,XLV
FLDR,ETF
FLEE,ETF
FLEH,ETF
FLEX,XLK
FLFR,ETF
FLGB,ETF
FLGC,XLV
FLGE,ETF
FLGR,ETF
FLGT,XLV
FLGV,ETF
FLHK,ETF
FLHY,ETF
FLIA,ETF
FLIC,XLF
FLIN,ETF
FLIR,XLK
FLIY,ETF
FLJH,ETF
FLJP,ETF
FLKR,ETF
FLLA,ETF
FLLV,ETF
FLL,XLY
FLMB,ETF
FLM,ETF
FLME,XLF
FLMI,ETF
FLMN,XLE
FLMX,ETF
FLNC,XLU
FLN,ETF
FLNG,XLE
FLNT,XLC
FLOT,ETF
FLOW,XLI
FLO,XLP
FLQD,ETF
FLQE,ETF
FLQG,ETF
FLQH,ETF
FLQL,ETF
FLQM,ETF
FLQS,ETF
FLRG,ETF
FLRN,ETF
FLRT,ETF
FLRU,ETF
FLR,XLI
FLSA,ETF
FLSP,ETF
FLSW,ETF
FLS,XLI
FLTB,ETF
FLTR,ETF
FLTW,ETF
FLT,XLK
FLUD,ETF
FLUX,XLI
FLV,ETF
FLWS,XLY
FL,XLY
FLXN,XLV
FLXS,XLY
FLYT,ETF
FLY,XLI
FLZA,ETF
FMAC,XLF
FMAG,ETF
FMAO,XLF
FMAR,ETF
FMAT,ETF
FMAY,ETF
FMB,ETF
FMBH,XLF
FMBIO,XLF
FMBIP,XLF
FMBI,XLF
FMC,XLB
FM,ETF
FMF,ETF
FMHI,ETF
FMIL,ETF
FMIVU,XLF
FMK,ETF
FMNB,XLF
FMN,XLF
FMO,XLF
FMS,XLV
FMTX,XLV
FMX,XLP
FMY,XLF
FNB,XLF
FNCB,XLF
FNCH,XLV
FNCL,ETF
FNDA,ETF
FNDB,ETF
FNDC,ETF
FNDE,ETF
FNDF,ETF
FNDX,ETF
FND,XLY
FNF,XLF
FNGD,ETF
FNGO,ETF
FNGS,ETF
FNGU,ETF
FNGZ,ETF
FNHC,XLF
FNI,ETF
FNK,ETF
FNKO,XLY
FNLC,XLF
FNOV,ETF
FNV,XLB
FNWB,XLF
FNX,ETF
FN,XLK
FNY,ETF
FOA,XLF
FOCS,XLF
FOCT,ETF
FOE,XLB
FOF,XLF
FOLD,XLV
FONR,XLV
FORA,XLV
FORD,XLY
FOREU,XLF
FORE,XLF
FORH,ETF
FORM,XLK
FORR,XLI
FORTY,XLK
FOR,XLRE
FOSL,XLY
FOUR,XLK
FOVL,ETF
FOXA,XLC
FOXF,XLY
FOXWU,XLF
FOXW,XLF
FOX,XLC
FPAC,XLF
FPA,ETF
FPAY,XLI
FPE,ETF
FPEI,ETF
FPF,XLF
FPH,XLRE
FPI,XLRE
FPL,XLF
FPRO,ETF
FPRX,XLV
FPXE,ETF
FPX,ETF
FPXI,ETF
FQAL,ETF
FRAF,XLF
FRAK,ETF
FRAN,XLY
FRA,XLF
FRBA,XLF
FRBK,XLF
FRC,XLF
FRDM,ETF
FRD,XLB
FREE,XLP
FREL,ETF
FREQ,XLV
FREY,XLI
FRGAP,XLY
FRGI,XLY
FRG,XLY
FRHC,XLF
FRI,ETF
FRLG,ETF
FRLN,XLV
FRME,XLF
FROG,XLK
FRONU,XLF
FRON,XLF
FRO,XLE
FRPH,XLRE
FRPT,XLP
FRSGU,XLF
FRSG,XLF
FRST,XLF
FRSX,XLY
FRTA,XLI
FRT,XLRE
FRTY,ETF
FRWAU,XLF
FRW,XLF
FRXB,XLF
FR,XLRE
FRX,XLF
FSBC,XLF
FSBW,XLF
FSDC,XLF
FSD,XLF
FSEA,XLF
FSEC,ETF
FSEP,ETF
FSFG,XLF
FSII,XLF
FSI,XLB
FSKR,XLF
FSK,XLF
FSLF,XLF
FSLR,XLK
FSLY,XLK
FSMB,ETF
FSMD,ETF
FSMO,ETF
FSM,XLB
FSNB,XLF
FSP,XLRE
FSRVU,XLF
FSRV,XLF
FSR,XLY
FSRXU,XLF
FSRX,XLF
FSSIU,XLF
FSSI,XLF
FSS,XLI
FSTA,ETF
FSTR,XLI
FST,XLF
FSTX,XLV
FSV,XLRE
FSZ,ETF
FTAAU,XLF
FTAA,XLF
FTA,ETF
FTAG,ETF
FTAI,XLI
FTC,ETF
FTCH,XLY
FTCI,XLK
FTCS,ETF
FTCVU,XLF
FTCV,XLF
FTDR,XLY
FTEC,ETF
FTEK,XLI
FTEV,XLF
FTFT,XLK
FTF,XLF
FTGC,ETF
FTHI,ETF
FTHM,XLRE
FTIVU,XLF
FTIV,XLF
FTI,XLE
FTK,XLE
FTLB,ETF
FTLS,ETF
FTNT,XLK
FTOCU,XLF
FTOC,XLF
FTPAU,XLF
FTPA,XLF
FTRI,ETF
FTSD,ETF
FTSI,XLE
FTSL,ETF
FTSM,ETF
FTS,XLU
FTV,XLK
FTXD,ETF
FTXG,ETF
FTXH,ETF
FTXL,ETF
FT,XLF
FTXN,ETF
FTXO,ETF
FTXR,ETF
FUBO,XLC
FUE,ETF
FULC,XLV
FULTP,XLF
FULT,XLF
FUL,XLB
FUMB,ETF
FUNC,XLF
FUND,XLF
FUNL,ETF
FUN,XLY
FURY,XLB
FUSB,XLF
FUSE,XLF
FUSN,XLV
FUT,ETF
FUTU,XLF
FUTY,ETF
FUV,XLY
FVAL,ETF
FVAM,XLF
FVCB,XLF
FVC,ETF
FVD,ETF
FV,ETF
FVE,XLV
FVIV,XLF
FVL,ETF
FVRR,XLC
FVT,XLF
FWDB,ETF
FWONA,XLC
FWONK,XLC
FWP,XLV
FWRD,XLI
FXA,ETF
FXB,ETF
FXC,ETF
FXD,ETF
FXE,ETF
FXF,ETF
FXG,ETF
FXH,ETF
FXI,ETF
FXL,ETF
FXLV,XLY
F,XLY
FXNC,XLF
FXN,ETF
FXO,ETF
FXP,ETF
FXR,ETF
FXU,ETF
FXY,ETF
FXZ,ETF
FYBR,XLC
FYC,ETF
FYLD,ETF
FYT,ETF
FYX,ETF
FZT,XLF
GAA,ETF
GABC,XLF
GAB,XLF
GAIA,XLC
GAINL,XLF
GAINM,XLF
GAINN,XLF
GAIN,XLF
GAL,ETF
GALT,XLV
GAMCU,XLF
GAMC,XLF
GAMR,ETF
GAM,XLF
GAN,XLY
GANX,XLV
GAPA,XLF
GASS,XLI
GATO,XLB
GATX,XLI
GAU,XLB
GAZ,ETF
GBAB,XLF
GBCI,XLF
GBDC,XLF
GBDV,ETF
GBF,ETF
GBGR,ETF
GBIL,ETF
GBIO,XLV
GBLD,ETF
GBLI,XLF
GBLO,ETF
GBL,XLF
GBNH,XLV
GBNY,XLF
GBOX,XLK
GBRGU,XLF
GBRG,XLF
GBR,XLE
GBS,XLV
GBT,XLV
GBUG,ETF
GB,XLK
GBX,XLI
GCACU,XLF
GCAC,XLF
GCBC,XLF
GCC,ETF
GCI,XLC
GCMG,XLF
GCOR,ETF
GCOW,ETF
GCO,XLY
GCP,XLB
GCV,XLF
GDDY,XLK
GDEN,XLY
GDL,XLF
GDMA,ETF
GDOT,XLF
GDO,XLF
GDP,XLE
GDRX,XLV
GDS,XLK
GDVD,ETF
GDV,XLF
GDXD,ETF
GDX,ETF
GDXJ,ETF
GD,XLI
GDXU,ETF
GDYN,XLK
GECC,XLF
GEC,XLV
GEF,XLY
GEG,XLV
GEL,XLE
GEM,ETF
GENC,XLI
GENE,XLV
GENI,XLC
GEN,XLV
GENY,ETF
GEOS,XLE
GEO,XLRE
GERM,ETF
GERN,XLV
GER,XLF
GES,XLY
GETY,XLC
GEVO,XLB
GE,XLI
GFED,XLF
GFF,XLI
GFI,XLB
GFLU,XLI
GFL,XLI
GFNCP,XLI
GFN,XLI
GFS,XLK
GF,XLF
GFX,XLF
GGAL,XLF
GGB,XLB
GGG,XLI
GGMCU,XLF
GGMC,XLF
GGM,XLF
GGN,XLF
GGO,XLF
GGPIU,XLF
GGRW,ETF
GGT,XLF
GGZ,XLF
GHACU,XLF
GHAC,XLF
GHC,XLP
GHG,XLY
GHIVU,XLF
GHIV,XLF
GHLD,XLF
GHL,XLF
GHM,XLI
GHSI,XLV
GHVIU,XLF
GHVI,XLF
GH,XLV
GHYB,ETF
GHYG,ETF
GHY,XLF
GIB,XLK
GIFI,XLE
GIGB,ETF
GIGE,ETF
GIGGU,XLF
GIGM,XLC
GIG,XLF
GII,ETF
GIII,XLY
GIIXU,XLF
GIIX,XLF
GIK,XLF
GILD,XLV
GILT,XLK
GIL,XLY
GIM,XLF
GINN,ETF
GIS,XLP
GIX,XLF
GJR,XLF
GKOS,XLV
GLADD,ETF
GLAD,XLF
GLBE,XLY
GLBLU,XLF
GLBL,XLF
GLBS,XLI
GLBZ,XLF
GLCN,ETF
GLDD,XLI
GLD,ETF
GLDG,XLB
GLDI,ETF
GLDM,ETF
GLEO,XLF
GLG,XLK
GLHAU,XLF
GLIBA,XLC
GLIBP,XLC
GLIF,ETF
GLIN,ETF
GLL,ETF
GLMD,XLV
GLNG,XLE
GLOB,XLK
GLOG,XLE
GLOP,XLE
GLO,XLF
GLPG,XLV
GLPI,XLRE
GLP,XLE
GLQ,XLF
GLRE,XLF
GLRY,ETF
GLSI,XLV
GLSPU,XLF
GLTO,XLV
GLTR,ETF
GLT,XLB
GLUU,XLC
GLU,XLF
GLV,XLF
GLW,XLK
GL,XLF
GLYC,XLV
GMAB,XLV
GMBL,XLY
GMBTU,XLF
GMBT,XLF
GMDA,XLV
GMED,XLV
GME,XLY
GMF,ETF
GMIIU,XLF
GMII,XLF
GMLPP,XLI
GMLP,XLE
GMOM,ETF
GMRE,XLRE
GMS,XLI
GMTA,ETF
GMTX,XLV
GM,XLY
GNACU,XLF
GNAC,XLF
GNAF,ETF
GNCA,XLV
GNE,XLU
GNFT,XLV
GNK,XLI
GNLN,XLV
GNL,XLRE
GNMA,ETF
GNMK,XLV
GNOG,XLY
GNOM,ETF
GNPK,XLF
GNPX,XLV
GNRC,XLI
GNR,ETF
GNRSU,XLF
GNRS,XLF
GNSS,XLK
GNT,XLF
GNTX,XLY
GNTY,XLF
GNUS,XLC
GNW,XLF
GOAC,XLF
GOAT,ETF
GOAU,ETF
GOCO,XLF
GOED,XLY
GOEV,XLY
GOEX,ETF
GOF,XLF
GOGL,XLI
GOGO,XLC
GOLD,XLB
GOLF,XLY
GOL,XLI
GOODM,XLRE
GOODN,XLRE
GOOD,XLRE
GOOGL,XLC
GOOG,XLC
GOOS,XLY
GORO,XLB
GOSS,XLV
GOTU,XLP
GOVT,ETF
GOVX,XLV
GOVZ,ETF
GO,XLP
GPACU,XLF
GPAC,XLF
GPC,XLY
GPI,XLY
GPJA,ETF
GPK,XLY
GPL,XLB
GPMT,XLRE
GPM,XLF
GPN,XLI
GPP,XLE
GPRE,XLB
GPRK,XLE
GPRO,XLK
GPS,XLY
GP,XLY
GPX,XLP
GQRE,ETF
GRAB,XLK
GRA,XLB
GRAY,XLV
GRBK,XLY
GRCL,XLV
GRC,XLI
GRCYU,XLF
GRCY,XLF
GREK,ETF
GRES,ETF
GRFS,XLV
GRF,XLF
GRID,ETF
GRIF,XLRE
GRIL,XLY
GRIN,XLI
GRMN,XLK
GRNB,ETF
GRN,ETF
GRNQ,XLI
GRNVU,XLF
GRNV,XLF
GROW,XLF
GROY,XLB
GRPN,XLC
GRSVU,XLF
GRSV,XLF
GRTS,XLV
GRTX,XLV
GRUB,XLC
GRU,ETF
GRVY,XLC
GRWG,XLY
GRX,XLF
GSAH,XLF
GSAQU,XLF
GSAQ,XLF
GSAT,XLC
GSBC,XLF
GSBD,XLF
GSEE,ETF
GSEU,ETF
GSEVU,XLF
GSEV,XLF
GSEW,ETF
GSG,ETF
GSHD,XLF
GSID,ETF
GSIE,ETF
GSIG,ETF
GSIT,XLK
GSJY,ETF
GSK,XLV
GSKY,XLK
GSLC,ETF
GSL,XLI
GSMG,XLC
GSM,XLB
GSP,ETF
GSPY,ETF
GSQD,XLF
GSSC,ETF
GSST,ETF
GSS,XLB
GSUM,XLK
GSUS,ETF
GSV,XLB
GS,XLF
GSX,XLP
GSY,ETF
GTBP,XLV
GTEC,XLI
GTES,XLI
GTE,XLE
GTH,XLV
GTHX,XLV
GTIM,XLY
GTIP,ETF
GTLS,XLI
GTN,XLC
GTO,ETF
GTPAU,XLF
GTPA,XLF
GTPBU,XLF
GTPB,XLF
GTS,XLV
GTT,XLC
GT,XLY
GTX,XLY
GTYH,XLK
GTY,XLRE
GUDB,ETF
GUNR,ETF
GURE,XLB
GURU,ETF
GUSH,ETF
GUT,XLF
GVAL,ETF
GVA,XLI
GVI,ETF
GVIP,ETF
GVP,XLK
GV,XLI
GWAC,XLF
GWB,XLF
GWGH,XLF
GWH,XLI
GWPH,XLV
GWRE,XLK
GWRS,XLU
GWW,XLI
GWX,ETF
GXC,ETF
GXF,ETF
GXG,ETF
GXGXU,XLF
GXGX,XLF
GXIIU,XLF
GXII,XLF
G,XLK
GXTG,ETF
GYC,ETF
GYLD,ETF
GYRO,XLRE
HAACU,XLF
HAAC,XLF
HACK,ETF
HAE,XLV
HAFC,XLF
HAIL,ETF
HAIN,XLP
HALL,XLF
HALO,XLV
HAL,XLE
HAP,ETF
HAPP,XLV
HARP,XLV
HART,ETF
HASI,XLRE
HAS,XLY
HAUZ,ETF
HAWX,ETF
HA,XLI
HAYN,XLI
HAYW,XLI
HBANN,XLF
HBANO,XLF
HBANP,XLF
HBAN,XLF
HBB,XLK
HBCP,XLF
HBIO,XLV
HBI,XLY
HBMD,XLF
HBM,XLB
HBNC,XLF
HBP,XLI
HBT,XLF
HCACU,XLF
HCAC,XLF
HCAP,XLF
HCAQ,XLF
HCARU,XLF
HCAR,XLF
HCAT,XLV
HCA,XLV
HCCCU,XLF
HCCC,XLF
HCCI,XLI
HCC,XLB
HCDI,XLRE
HCFT,XLRE
HCHC,XLC
HCICU,XLF
HCIC,XLF
HCIIU,XLF
HCII,XLF
HCI,XLF
HCKT,XLK
HCM,XLV
HCP,XLRE
HCRB,ETF
HCSG,XLV
HCXY,ETF
HCXZ,ETF
HDAW,ETF
HDB,XLF
HDEF,ETF
HDGE,ETF
HDG,ETF
HDIV,ETF
HDLB,ETF
HDMV,ETF
HDRO,ETF
HDSN,XLB
HDS,XLI
HDV,ETF
HD,XLY
HEAR,XLK
HECCU,XLF
HEC,XLF
HEDJ,ETF
HEEM,ETF
HEES,XLI
HEFA,ETF
HEGD,ETF
HEI,XLI
HELE,XLP
HELX,ETF
HEPA,XLV
HEP,XLE
HEQ,XLF
HERAU,XLF
HERA,XLF
HERD,ETF
HERO,ETF
HESM,XLE
HES,XLE
HEWC,ETF
HEWG,ETF
HEWJ,ETF
HEWU,ETF
HEWW,ETF
HE,XLU
HEXO,XLV
HEZU,ETF
HFBL,XLF
HFC,XLE
HFEN,XLRE
HFFG,XLP
HFRO,XLF
HFWA,XLF
HFXI,ETF
HGBL,XLF
HGEN,XLV
HGSH,XLRE
HGV,XLY
HHC,XLRE
HHLA,XLF
HHR,XLI
HIBB,XLY
HIBL,ETF
HIBS,ETF
HIE,XLF
HIFS,XLF
HIGA,XLF
HIG,XLF
HIHO,XLI
HIIIU,XLF
HIII,XLF
HII,XLI
HIL,XLI
HIMS,XLP
HIMX,XLK
HIO,XLF
HIPR,ETF
HIPS,ETF
HIW,XLRE
HI,XLI
HIX,XLF
HJEN,ETF
HJLI,XLV
HJPX,ETF
HKIB,XLF
HKND,ETF
HLAHU,XLF
HLAH,XLF
HLAL,ETF
HLF,XLP
HLGE,ETF
HLG,XLP
HLIO,XLI
HLIT,XLK
HLI,XLF
HLNE,XLF
HLT,XLY
HLXA,XLF
HL,XLB
HLX,XLE
HMCOU,XLF
HMCO,XLF
HMC,XLY
HMG,XLRE
HMHC,XLP
HMI,XLK
HMLP,XLE
HMNF,XLF
HMN,XLF
HMOP,ETF
HMPT,XLF
HMST,XLF
HMSY,XLV
HMTV,XLC
HMY,XLB
HNDL,ETF
HNGR,XLV
HNI,XLI
HNNA,XLF
HNP,XLU
HNRG,XLE
HNST,XLY
HNW,XLF
HOFT,XLY
HOFV,XLC
HOG,XLY
HOLD,ETF
HOLI,XLI
HOLUU,XLF
HOL,XLF
HOLX,XLV
HOMB,XLF
HOME,XLY
HOMZ,ETF
HONE,XLF
HON,XLI
HOOD,XLK
HOOK,XLV
HOPE,XLF
HOTH,XLV
HOVNP,XLY
HOV,XLY
HOWL,XLV
HPE,XLK
HPF,XLF
HPI,XLF
HPK,XLE
HPP,XLRE
HPQ,XLK
HPR,XLE
HPS,XLF
HP,XLE
HPX,XLF
HQH,XLF
HQI,XLI
HQL,XLF
HQY,XLV
HRB,XLY
HRC,XLV
HRI,XLI
HRL,XLP
HRMY,XLV
HROW,XLV
HRTG,XLF
HRTX,XLV
HR,XLRE
HRZN,XLF
HSAQ,XLF
HSBC,XLF
HSC,XLI
HSCZ,ETF
HSDT,XLV
HSIC,XLV
HSII,XLI
HSKA,XLV
HSMV,ETF
HSON,XLI
HSRT,ETF
HSTM,XLV
HSTO,XLV
HST,XLRE
HSY,XLP
HTAB,ETF
HTA,XLRE
HTBI,XLF
HTBK,XLF
HTBX,XLV
HTD,XLF
HTEC,ETF
HTFA,ETF
HTGC,XLF
HTGM,XLV
HTHT,XLY
HTH,XLF
HTIA,XLRE
HTLD,XLI
HTLFP,XLF
HTLF,XLF
HTOO,XLU
HTPA,XLF
HTRB,ETF
HTUS,ETF
HT,XLRE
HTY,XLF
HTZ,XLI
HUBB,XLI
HUBG,XLI
HUBS,XLK
HUDI,XLB
HUGE,XLV
HUGS,XLF
HUIZ,XLF
HUM,XLV
HUN,XLB
HURC,XLI
HURN,XLI
HUSA,XLE
HUSN,XLF
HUSV,ETF
HUT,XLF
HUYA,XLC
HVBC,XLF
HVT,XLY
HWBK,XLF
HWCC,XLI
HWC,XLF
HWKN,XLB
HWM,XLI
HXL,XLI
H,XLY
HX,XLF
HYACU,XLF
HYAC,XLF
HYBB,ETF
HYB,XLF
HYDB,ETF
HYD,ETF
HYDW,ETF
HYEM,ETF
HYFM,XLI
HYG,ETF
HYGH,ETF
HYGV,ETF
HYHG,ETF
HYIN,ETF
HYI,XLF
HYLB,ETF
HYLD,ETF
HYLN,XLY
HYLS,ETF
HYLV,ETF
HYMB,ETF
HYMC,XLB
HYMU,ETF
HYRE,XLI
HYS,ETF
HYTR,ETF
HYT,XLF
HYUP,ETF
HYW,XLF
HYXF,ETF
HY,XLI
HYXU,ETF
HYZD,ETF
HZAC,XLF
HZNP,XLV
HZN,XLY
HZON,XLF
HZO,XLY
IAA,XLI
IACA,XLF
IACB,XLF
IACC,XLF
IAC,XLC
IAE,XLF
IAF,XLF
IAGG,ETF
IAG,XLB
IAI,ETF
IAK,ETF
IAPR,ETF
IART,XLV
IAT,ETF
IAU,ETF
IAUF,ETF
IBA,XLP
IBB,ETF
IBBJ,ETF
IBCE,ETF
IBCP,XLF
IBDD,ETF
IBD,ETF
IBDL,ETF
IBDM,ETF
IBDN,ETF
IBDO,ETF
IBDP,ETF
IBDQ,ETF
IBDR,ETF
IBDS,ETF
IBDT,ETF
IBDU,ETF
IBDV,ETF
IBER,XLF
IBEX,XLK
IBHA,ETF
IBHB,ETF
IBHC,ETF
IBHD,ETF
IBHE,ETF
IBHF,ETF
IBIO,XLV
IBKR,XLF
IBMJ,ETF
IBMK,ETF
IBML,ETF
IBMM,ETF
IBMN,ETF
IBMO,ETF
IBMP,ETF
IBMQ,ETF
IBM,XLK
IBND,ETF
IBN,XLF
IBOC,XLF
IBP,XLI
IBRX,XLV
IBTA,ETF
IBTB,ETF
IBTD,ETF
IBTE,ETF
IBTF,ETF
IBTG,ETF
IBTH,ETF
IBTI,ETF
IBTJ,ETF
IBTK,ETF
IBTX,XLF
IBUY,ETF
ICAD,XLV
ICBK,XLF
ICCC,XLV
ICCH,XLF
ICD,XLE
ICE,XLF
ICF,ETF
ICFI,XLI
ICHR,XLK
ICLK,XLC
ICLN,ETF
ICLR,XLV
ICL,XLB
ICMB,XLF
ICOL,ETF
ICON,XLY
ICOW,ETF
ICPT,XLV
ICSH,ETF
ICUI,XLV
ICVT,ETF
IDA,XLU
IDBA,XLK
IDCC,XLC
IDEV,ETF
IDE,XLF
IDEX,XLK
IDHD,ETF
IDHQ,ETF
IDIV,ETF
IDLB,ETF
IDLV,ETF
IDMO,ETF
IDNA,ETF
IDN,XLK
IDOG,ETF
IDRA,XLV
IDRV,ETF
IDT,XLC
IDU,ETF
IDV,ETF
IDX,ETF
IDXG,XLV
ID,XLY
IDXX,XLV
IDYA,XLV
IEA,XLI
IECS,ETF
IEC,XLK
IEDI,ETF
IEFA,ETF
IEF,ETF
IEFN,ETF
IEHS,ETF
IEI,ETF
IEIH,ETF
IEME,ETF
IEMG,ETF
IEO,ETF
IEP,XLI
IESC,XLI
IETC,ETF
IEUR,ETF
IEUS,ETF
IEV,ETF
IEX,XLI
IEZ,ETF
IFBD,XLK
IFF,XLB
IFGL,ETF
IFMK,XLP
IFN,XLF
IFRA,ETF
IFRX,XLV
IFS,XLF
IFV,ETF
IGACU,XLF
IGAC,XLF
IGA,XLF
IGBH,ETF
IGC,XLI
IGD,XLF
IGEB,ETF
IGE,ETF
IG,ETF
IGF,ETF
IGHG,ETF
IGIB,ETF
IGIC,XLF
IGI,XLF
IGLB,ETF
IGLD,ETF
IGM,ETF
IGMS,XLV
IGN,ETF
IGNYU,XLF
IGNY,XLF
IGOV,ETF
IGRO,ETF
IGR,XLF
IGSB,ETF
IGT,XLY
IGV,ETF
IHAK,ETF
IHC,XLF
IHDG,ETF
IHD,XLF
IHE,ETF
IHF,ETF
IHG,XLY
IHI,ETF
IHIT,XLF
IHRT,XLC
IHTA,XLF
IHT,XLRE
IH,XLP
IHY,ETF
IHYF,ETF
IIAC,XLF
IID,XLF
IIF,XLF
IIGD,ETF
IIGV,ETF
IIIIU,XLF
IIII,XLF
IIIN,XLI
IIIV,XLK
III,XLK
IIM,XLF
IIN,XLV
IIPR,XLRE
IIVIP,XLK
IIVI,XLK
IJAN,ETF
IJH,ETF
IJJ,ETF
IJK,ETF
IJR,ETF
IJS,ETF
IJT,ETF
IJUL,ETF
IKNA,XLV
IKNX,XLB
IKT,XLV
ILCB,ETF
ILCG,ETF
ILCV,ETF
ILF,ETF
ILMN,XLV
ILPT,XLRE
ILTB,ETF
IMAB,XLV
IMAC,XLV
IMAX,XLC
IMBI,XLY
IMCB,ETF
IMCC,XLV
IMCG,ETF
IMCR,XLV
IMCV,ETF
IMFL,ETF
IMGN,XLV
IMH,XLF
IMKTA,XLP
IMLP,ETF
IMMP,XLV
IMMR,XLK
IMNM,XLV
IMOM,ETF
IMOS,XLK
IMO,XLE
IMPL,XLV
IMPX,XLF
IMRA,XLV
IMRN,XLV
IMTB,ETF
IMTE,XLK
IMTM,ETF
IMTX,XLV
IMUX,XLV
IMVT,XLV
IMV,XLV
IMXI,XLK
INAQU,XLF
INAQ,XLF
INBK,XLF
INBX,XLV
INCO,ETF
INCY,XLV
INDA,ETF
INDB,XLF
INDF,ETF
INDL,ETF
INDO,XLE
INDS,ETF
INDT,XLRE
INDY,ETF
INFI,XLV
INFL,ETF
INFN,XLK
INFO,XLI
INFR,ETF
INFU,XLV
INFY,XLK
INGN,XLV
INGR,XLP
ING,XLF
INKAU,XLF
INKA,XLF
INKM,ETF
INMB,XLV
INMD,XLV
INMU,ETF
INM,XLV
INNV,XLV
INN,XLRE
INOD,XLK
INOV,XLV
INO,XLV
INPX,XLK
INSE,XLC
INSG,XLK
INSI,XLF
INSM,XLV
INSP,XLV
INSW,XLI
INS,XLK
INTC,XLK
INTF,ETF
INTG,XLY
INTT,XLK
INTU,XLK
INT,XLE
INTZ,XLK
INUV,XLC
INVA,XLV
INVE,XLK
INVH,XLRE
INVO,XLV
INVZ,XLY
INZY,XLV
IONS,XLV
IOO,ETF
IOR,XLF
IOSP,XLB
IOVA,XLV
IO,XLE
IPAC,ETF
IPAR,XLP
IPA,XLV
IPAY,ETF
IPDN,XLI
IPFF,ETF
IPGP,XLK
IPG,XLC
IPHA,XLV
IPHI,XLK
IPI,XLB
IPKW,ETF
IPLDP,XLU
IPOB,XLF
IPOC,XLF
IPOD,XLF
IPO,ETF
IPOE,XLF
IPOF,XLF
IPOS,ETF
IPVA,XLF
IPVF,XLF
IPVIU,XLF
IPVI,XLF
IPV,XLF
IPWR,XLI
IPW,XLY
IP,XLY
IQDE,ETF
IQDF,ETF
IQDG,ETF
IQDY,ETF
IQIN,ETF
IQI,XLF
IQLT,ETF
IQM,ETF
IQSI,ETF
IQSU,ETF
IQV,XLV
IQ,XLC
IRBO,ETF
IRBT,XLK
IRCP,XLRE
IRDM,XLC
IRET,XLRE
IRIX,XLV
IRL,XLF
IRMD,XLV
IRM,XLRE
IROQ,XLF
IRR,XLF
IRS,XLRE
IRTC,XLV
IRT,XLRE
IRWD,XLV
IR,XLI
ISBC,XLF
ISCB,ETF
ISCF,ETF
ISCG,ETF
ISCV,ETF
ISDR,XLK
ISDX,ETF
ISD,XLF
ISEE,XLV
ISEM,ETF
ISHG,ETF
ISIG,XLC
ISLEU,XLF
ISLE,XLF
ISMD,ETF
ISNS,XLK
ISOS,XLF
ISRA,ETF
ISRG,XLV
ISR,XLV
ISSC,XLI
ISTB,ETF
ISTR,XLF
ISUN,XLK
ISVL,ETF
ISWN,ETF
ISZE,ETF
ITACU,XLF
ITAC,XLF
ITA,ETF
ITB,ETF
ITCB,XLF
ITCI,XLV
ITEQ,ETF
ITGR,XLV
ITHXU,XLF
ITHX,XLF
ITIC,XLF
ITI,XLK
ITM,ETF
ITMR,XLV
ITOS,XLV
ITOT,ETF
ITP,XLB
ITQRU,XLF
ITQ,XLF
ITRG,XLB
ITRI,XLK
ITRM,XLV
ITRN,XLK
ITT,XLI
ITUB,XLF
ITW,XLI
IT,XLK
IUSB,ETF
IUS,ETF
IUSG,ETF
IUSS,ETF
IUSV,ETF
IVAC,XLI
IVAL,ETF
IVAN,XLF
IVA,XLV
IVC,XLV
IVDG,ETF
IVE,ETF
IVES,ETF
IVH,XLF
IVLC,ETF
IVLU,ETF
IVOG,ETF
IVOL,ETF
IVOO,ETF
IVOV,ETF
IVRA,ETF
IVR,XLRE
IVSG,ETF
IVV,ETF
IVW,ETF
IVZ,XLF
IWB,ETF
IWC,ETF
IWD,ETF
IWDL,ETF
IWF,ETF
IWFH,ETF
IWFL,ETF
IWL,ETF
IWM,ETF
IWML,ETF
IWN,ETF
IWO,ETF
IWP,ETF
IWR,ETF
IWS,ETF
IWV,ETF
IWX,ETF
IWY,ETF
IXC,ETF
IXG,ETF
IXJ,ETF
IXN,ETF
IXP,ETF
IXSE,ETF
IXUS,ETF
IX,XLF
IYC,ETF
IYE,ETF
IYF,ETF
IYG,ETF
IYH,ETF
IYJ,ETF
IYK,ETF
IYLD,ETF
IYM,ETF
IYR,ETF
IYT,ETF
IYW,ETF
IYY,ETF
IYZ,ETF
IZEA,XLC
IZRL,ETF
JAAA,ETF
JACK,XLY
JAGG,ETF
JAGX,XLV
JAKK,XLY
JAMF,XLK
JAN,XLI
JANZ,ETF
JAX,XLY
JAZZ,XLV
JBGS,XLRE
JBHT,XLI
JBK,XLI
JBLU,XLI
JBL,XLK
JBSS,XLP
JBT,XLI
JCE,XLF
JCICU,XLF
JCIC,XLF
JCI,XLI
JCOM,XLK
JCO,XLF
JCPB,ETF
JCS,XLK
JCTCF,XLB
JCTR,ETF
JDD,XLF
JDIV,ETF
JDST,ETF
JD,XLY
JEF,XLF
JELD,XLI
JEMA,ETF
JEMD,XLF
JEPI,ETF
JEQ,XLF
JETS,ETF
JE,XLU
JFIN,XLC
JFR,XLF
JFU,XLK
JGH,XLF
JGLD,ETF
JG,XLK
JHB,XLF
JHCB,ETF
JHCS,ETF
JHEM,ETF
JHG,XLF
JHI,XLF
JHMA,ETF
JHMC,ETF
JHMD,ETF
JHME,ETF
JHMF,ETF
JHMH,ETF
JHMI,ETF
JHML,ETF
JHMM,ETF
JHMS,ETF
JHMT,ETF
JHMU,ETF
JHSC,ETF
JHS,XLF
JHX,XLB
JIGB,ETF
JIG,ETF
JIH,XLF
JILL,XLY
JJA,ETF
JJC,ETF
JJE,ETF
JJG,ETF
JJM,ETF
JJN,ETF
JJP,ETF
JJS,ETF
JJSF,XLP
JJT,ETF
JJU,ETF
JKD,ETF
JKE,ETF
JKF,ETF
JKG,ETF
JKH,ETF
JKHY,XLK
JKI,ETF
JKJ,ETF
JKK,ETF
JKL,ETF
JKS,XLK
JLL,XLRE
JLS,XLF
JMBS,ETF
JMIA,XLY
JMIN,ETF
JMM,XLF
JMOM,ETF
JMPNL,ETF
JMP,XLF
JMST,ETF
JMUB,ETF
JNCE,XLV
JNJ,XLV
JNK,ETF
JNPR,XLK
JNUG,ETF
JOAN,XLY
JOBS,XLI
JOB,XLI
JOET,ETF
JO,ETF
JOE,XLRE
JOFFU,XLF
JOFF,XLF
JOF,XLF
JOUT,XLY
JOYY,ETF
JPC,XLF
JPEM,ETF
JPHY,ETF
JPIB,ETF
JPIN,ETF
JPI,XLF
JPMB,ETF
JPME,ETF
JPM,XLF
JPN,ETF
JPSE,ETF
JPST,ETF
JPS,XLF
JPT,XLF
JPUS,ETF
JP,XLF
JPXN,ETF
JQC,XLF
JQUA,ETF
JRI,XLF
JRJC,XLF
JRO,XLF
JRSH,XLY
JRS,XLF
JRVR,XLF
JSCP,ETF
JSD,XLF
JSMD,ETF
JSML,ETF
JSM,XLF
JSTC,ETF
JTA,XLF
JTD,XLF
JT,XLF
JULZ,ETF
JUPW,XLV
JUST,ETF
JVAL,ETF
JVA,XLP
JWEL,XLY
JWN,XLY
JWSM,XLF
JWS,XLF
JXI,ETF
J,XLI
JYAC,XLF
JYNT,XLV
KAHC,XLF
KAIIU,XLF
KAII,XLF
KAIRU,XLF
KAIR,XLF
KAI,XLI
KALA,XLV
KALL,ETF
KALU,XLB
KALV,XLV
KAMN,XLI
KAPR,ETF
KARO,XLK
KARS,ETF
KAR,XLY
KBA,ETF
KBAL,XLY
KBE,ETF
KBH,XLY
KBNT,XLK
KBR,XLI
KBSF,XLY
KBUY,ETF
KBWB,ETF
KBWD,ETF
KBWP,ETF
KBWR,ETF
KBWY,ETF
KB,XLF
KCAC,XLF
KCCB,ETF
KCE,ETF
KCNY,ETF
KC,XLK
KDFI,ETF
KDMN,XLV
KDNY,XLV
KDP,XLP
KD,XLK
KEJI,ETF
KELYA,XLI
KELYB,XLI
KEMQ,ETF
KEMX,ETF
KEN,XLU
KEP,XLU
KEQU,XLY
KERN,XLV
KESG,ETF
KE,XLI
KEX,XLI
KEYS,XLK
KEY,XLF
KFFB,XLF
KFRC,XLI
KFS,XLY
KFVG,ETF
KF,XLF
KFYP,ETF
KFY,XLI
KGC,XLB
KGRN,ETF
KHC,XLP
KIDS,XLV
KIE,ETF
KIIIU,XLF
KIII,XLF
KIM,XLRE
KINS,XLF
KIN,XLV
KINZU,XLF
KINZ,XLF
KIO,XLF
KIQ,XLI
KIRK,XLY
KJAN,ETF
KJUL,ETF
KKR,XLF
KLAC,XLK
KLAQU,XLF
KLAQ,XLF
KLCD,ETF
KLDO,XLV
KLDW,ETF
KLIC,XLK
KLR,XLC
KLXE,XLE
KL,XLB
KMB,XLP
KMDA,XLV
KMED,ETF
KMF,XLF
KMI,XLE
KMLM,ETF
KMPH,XLV
KMPR,XLF
KMT,XLI
KMX,XLY
KNAB,ETF
KNBE,XLK
KNDI,XLY
KNG,ETF
KNGS,ETF
KNL,XLI
KNOP,XLI
KNSA,XLV
KNSL,XLF
KNTE,XLV
KN,XLK
KNX,XLI
KOCT,ETF
KODK,XLI
KOD,XLV
KOF,XLP
KOIN,ETF
KOKU,ETF
KOLD,ETF
KOL,ETF
KOMP,ETF
KOPN,XLK
KOP,XLB
KOR,ETF
KORP,ETF
KORU,ETF
KOSS,XLK
KOS,XLE
KO,XLP
KPTI,XLV
KRA,XLB
KRBN,ETF
KRBP,XLV
KRC,XLRE
KRE,ETF
KREF,XLRE
KRG,XLRE
KRKR,XLC
KRMA,ETF
KRMD,XLV
KRNLU,XLF
KRNL,XLF
KRNT,XLI
KRNY,XLF
KRON,XLV
KROS,XLV
KRO,XLB
KRP,XLE
KRT,XLY
KRTX,XLV
KRUS,XLY
KR,XLP
KRYS,XLV
KSA,ETF
KSCD,ETF
KSICU,XLF
KSI,XLF
KSMTU,XLF
KSMT,XLF
KSM,XLF
KSPN,XLY
KSS,XLY
KSTR,ETF
KSU,XLI
KTB,XLY
KTCC,XLK
KTF,XLF
KTOS,XLI
KTOV,XLV
KTRA,XLV
KT,XLC
KUKE,XLC
KURA,XLV
KURE,ETF
KURIU,XLF
KURI,XLF
KVHI,XLK
KVLE,ETF
KVSA,XLF
KVSB,XLF
KVSC,XLF
KWAC,XLF
KWEB,ETF
KWR,XLB
KWT,ETF
KW,XLRE
KXI,ETF
KXIN,XLY
K,XLP
KYMR,XLV
KYN,XLF
KZIA,XLV
KZR,XLV
LABD,ETF
LABP,XLV
LABU,ETF
LACQU,XLF
LACQ,XLF
LAC,XLB
LADR,XLRE
LAD,XLY
LAIX,XLP
LAKE,XLY
LAMR,XLRE
LANC,XLP
LANDM,XLRE
LANDO,XLRE
LANDP,XLRE
LAND,XLRE
LARK,XLF
LASR,XLK
LATNU,XLF
LATN,XLF
LAUR,XLP
LAWS,XLI
LAZR,XLK
LAZ,XLF
LAZY,XLY
LBAI,XLF
LBAY,ETF
LBC,XLF
LBJ,ETF
LBPH,XLV
LBPS,XLV
LBRDA,XLC
LBRDK,XLC
LBRDP,XLC
LBRT,XLE
LBTYA,XLC
LBTYB,XLC
LBTYK,XLC
LB,XLY
LCAAU,XLF
LCAA,XLF
LCAHU,XLF
LCAPU,XLF
LCAP,XLF
LCA,XLF
LCG,ETF
LCID,XLY
LCII,XLY
LCI,XLV
LCNB,XLF
LCR,ETF
LCTD,ETF
LCTU,ETF
LCTX,XLV
LCUT,XLY
LC,XLF
LCYAU,XLF
LCY,XLF
LDEM,ETF
LD,ETF
LDHAU,XLF
LDHA,XLF
LDI,XLF
LDL,XLI
LDOS,XLK
LDP,XLF
LDRS,ETF
LDSF,ETF
LDUR,ETF
LEAD,ETF
LEAF,XLC
LEAP,XLF
LEA,XLY
LECO,XLI
LEDS,XLK
LEE,XLC
LEGAU,XLF
LEGH,XLY
LEGN,XLV
LEGO,XLF
LEGR,ETF
LEG,XLY
LEJU,XLRE
LEMB,ETF
LEND,ETF
LEN,XLY
LEO,XLF
LESL,XLY
LEU,XLE
LEVI,XLY
LEVLP,XLF
LEVL,XLF
LEV,XLI
LE,XLY
LEXX,XLP
LFACU,XLF
LFAC,XLF
LFC,XLF
LFEQ,ETF
LFMD,XLV
LFTRU,XLF
LFTR,XLF
LFT,XLRE
LFUS,XLK
LFVN,XLP
LGACU,XLF
LGAC,XLF
LGH,ETF
LGHL,XLF
LGIH,XLY
LGI,XLF
LGLV,ETF
LGL,XLK
LGND,XLV
LGOV,ETF
LGO,XLB
LGVN,XLV
LGVW,XLF
LGV,XLF
LHAA,XLF
LHCG,XLV
LHC,XLF
LHDX,XLV
LH,XLV
LHX,XLI
LIFE,XLV
LIII,XLF
LII,XLI
LILAK,XLC
LILA,XLC
LINC,XLP
LIND,XLY
LINK,XLK
LIN,XLB
LINX,XLK
LIQT,XLI
LITB,XLY
LIT,ETF
LITE,XLK
LIV,ETF
LIVE,XLY
LIVKU,XLF
LIVK,XLF
LIVN,XLV
LIVX,XLC
LI,XLY
LIXT,XLV
LIZI,XLC
LJAQU,XLF
LJAQ,XLF
LJPC,XLV
LKCO,XLC
LKFN,XLF
LKOR,ETF
LKQ,XLY
LLIT,XLV
LLNW,XLK
LL,XLY
LLY,XLV
LMACA,XLF
LMACU,XLF
LMAOU,XLF
LMAO,XLF
LMAT,XLV
LMBS,ETF
LMB,XLI
LMFA,XLF
LMND,XLF
LMNL,XLV
LMNR,XLP
LMNX,XLV
LMPX,XLY
LMRKO,XLRE
LMRKP,XLRE
LMRK,XLRE
LMST,XLF
LMT,XLI
LNC,XLF
LNDC,XLP
LND,XLP
LNFA,XLF
LNGR,ETF
LNG,XLE
LNN,XLI
LNSR,XLV
LNTH,XLV
LNT,XLU
LN,XLC
LOACU,XLF
LOAC,XLF
LOAK,XLF
LOAN,XLRE
LOB,XLF
LOCO,XLY
LODE,XLRE
LOGC,XLV
LOGI,XLK
LOKB,XLF
LOKM,XLF
LOMA,XLB
LOOP,XLB
LOPE,XLP
LOPP,ETF
LORL,XLC
LOTZ,XLY
LOUP,ETF
LOVE,XLY
LOV,XLC
LOWC,ETF
LOW,XLY
LPCN,XLV
LPG,XLE
LPI,XLE
LPLA,XLF
LPL,XLK
LPRO,XLF
LPSN,XLK
LPTH,XLK
LPTX,XLV
LPX,XLI
LQDA,XLV
LQD,ETF
LQDH,ETF
LQDI,ETF
LQDT,XLY
LRCX,XLK
LRGE,ETF
LRGF,ETF
LRMR,XLV
LRN,XLP
LRNZ,ETF
LSACU,XLF
LSAC,XLF
LSAF,ETF
LSAQ,XLF
LSAT,ETF
LSBK,XLF
LSCC,XLK
LSEA,XLRE
LSF,XLP
LSI,XLRE
LSLT,ETF
LSPD,XLK
LSST,ETF
LSTR,XLI
LSXMA,XLC
LSXMB,XLC
LSXMK,XLC
LTBR,XLI
LTC,XLRE
LTHM,XLB
LTL,ETF
LTPZ,ETF
LTRN,XLV
LTRPA,XLC
LTRPB,XLC
LTRX,XLK
LUB,XLY
LULU,XLY
LUMN,XLC
LUMO,XLV
LUNA,XLK
LUNG,XLV
LUV,XLI
LUXAU,XLF
LUXA,XLF
LUXE,ETF
LU,XLF
LVHD,ETF
LVHI,ETF
LVOL,ETF
LVRAU,XLF
LVRA,XLF
LVS,XLY
LVTX,XLV
LWACU,XLF
LWAC,XLF
LWAY,XLP
LWLG,XLB
LW,XLP
LXEH,XLP
LXFR,XLI
L,XLF
LXP,XLRE
LXRX,XLV
LXU,XLB
LX,XLF
LYB,XLB
LYFE,ETF
LYFT,XLK
LYG,XLF
LYL,XLF
LYRA,XLV
LYTS,XLK
LYV,XLC
LZB,XLY
MAACU,XLF
MAAC,XLF
MAAX,ETF
MAA,XLRE
MACAU,XLF
MACA,XLF
MACC,XLF
MACK,XLV
MACQU,XLF
MACQ,XLF
MACUU,XLF
MACU,XLF
MAC,XLRE
MAGA,ETF
MAGS,XLI
MAG,XLB
MAIN,XLF
MAMB,ETF
MANH,XLK
MANT,XLK
MANU,XLY
MAN,XLI
MAQCU,XLF
MARA,XLF
MARB,ETF
MARK,XLC
MARPS,XLE
MAR,XLY
MARZ,ETF
MASI,XLV
MASS,XLV
MAS,XLI
MATW,XLI
MAT,XLY
MATX,XLI
MAV,XLF
MA,XLF
MAXN,XLK
MAXR,XLK
MAX,XLC
MAYS,XLRE
MAYZ,ETF
MBAC,XLF
MBBB,ETF
MBB,ETF
MBCC,ETF
MBCN,XLF
MBII,XLB
MBINN,XLF
MBINO,XLF
MBINP,XLF
MBIN,XLF
MBIO,XLV
MBI,XLF
MBND,ETF
MBNKP,XLF
MBOT,XLV
MBOX,ETF
MBRX,XLV
MBSD,ETF
MBTCU,XLF
MBTC,XLF
MBT,XLC
MBUU,XLY
MBWM,XLF
MCACU,XLF
MCAC,XLF
MCADU,XLF
MCAD,XLF
MCA,XLF
MCBC,XLF
MCBS,XLF
MCB,XLF
MCC,XLF
MCD,XLY
MCEF,ETF
MCEP,XLE
MCFE,XLK
MCFT,XLY
MCF,XLE
MCHI,ETF
MCHP,XLK
MCHX,XLC
MCI,XLF
MCK,XLV
MCMJ,XLF
MCN,XLF
MCO,XLF
MCRB,XLV
MCRI,XLY
MCRO,ETF
MCR,XLF
MCS,XLC
MCV,XLF
MC,XLF
MCY,XLF
MDB,XLK
MDCA,XLC
MDC,XLY
MDGL,XLV
MDGS,XLV
MDH,XLF
MDIA,XLC
MDIV,ETF
MDJH,XLRE
MDLA,XLK
MDLQ,ETF
MDLX,ETF
MDLY,XLF
MDLZ,XLP
MDNA,XLV
MDP,XLC
MDRRP,XLRE
MDRR,XLRE
MDRX,XLV
MDT,XLV
MDU,XLB
MDVL,XLV
MDWD,XLV
MDWT,XLF
MDXG,XLV
MD,XLV
MDY,ETF
MDYG,ETF
MDYV,ETF
MEAR,ETF
MEC,XLI
MEDP,XLV
MEDS,XLV
MED,XLY
MEG,XLI
MEIP,XLV
MEI,XLK
MELI,XLY
MEN,XLF
MEOH,XLB
MERC,XLB
MESA,XLI
MESO,XLV
META,XLC
METC,XLB
METV,ETF
MET,XLF
METX,XLP
MEXX,ETF
MFAC,XLF
MFA,XLRE
MFC,XLF
MFDX,ETF
MFD,XLF
MFEM,ETF
MFGP,XLK
MFG,XLF
MFH,XLF
MFIN,XLF
MFL,XLF
MFMS,ETF
MFM,XLF
MFNC,XLF
MFO,XLRE
MFT,XLF
MFUS,ETF
MFV,XLF
MGA,XLY
MGC,ETF
MGEE,XLU
MGEN,XLV
MGF,XLF
MGIC,XLK
MGI,XLF
MGK,ETF
MGLN,XLV
MGMT,ETF
MGM,XLY
MGNI,XLC
MGNX,XLV
MGPI,XLP
MGP,XLRE
MGRC,XLI
MGTA,XLV
MGTX,XLV
MGU,XLF
MGV,ETF
MG,XLI
MGYR,XLF
MGY,XLE
MHD,XLF
MHE,XLF
MHF,XLF
MHH,XLI
MHI,XLF
MHK,XLY
MHLA,ETF
MHLD,XLF
MHN,XLF
MHO,XLY
MICT,XLK
MIC,XLI
MIDD,XLI
MIDE,ETF
MID,ETF
MIDF,ETF
MIDU,ETF
MIE,XLF
MIG,ETF
MIK,XLY
MILE,XLF
MILN,ETF
MIME,XLK
MINC,ETF
MINDP,XLK
MIND,XLK
MINN,ETF
MINT,ETF
MIN,XLF
MIRM,XLV
MIST,XLV
MITC,XLP
MITK,XLK
MITO,XLV
MITT,XLRE
MIT,XLF
MIXT,XLK
MIY,XLF
MJ,ETF
MJJ,ETF
MJO,ETF
MKC,XLP
MKD,XLB
MKGI,XLY
MKL,XLF
MKSI,XLK
MKTX,XLF
MKTY,XLK
MLAB,XLK
MLACU,XLF
MLAC,XLF
MLCO,XLY
MLHR,XLY
MLI,XLI
MLM,XLB
MLND,XLV
MLN,ETF
MLPA,ETF
MLPB,ETF
MLPO,ETF
MLPR,ETF
MLPX,ETF
MLP,XLRE
MLPY,ETF
MLR,XLY
MLSS,XLV
MLVF,XLF
MMAC,XLF
MMC,XLF
MMD,XLF
MMIN,ETF
MMIT,ETF
MMI,XLRE
MMLG,ETF
MMLP,XLE
MMM,XLI
MMP,XLE
MMSI,XLV
MMS,XLI
MMTM,ETF
MMT,XLF
MMU,XLF
MMX,XLB
MMYT,XLY
MNA,ETF
MNCLU,XLF
MNCL,XLF
MNDO,XLK
MNDY,XLK
MNKD,XLV
MNMD,XLV
MNOV,XLV
MNPR,XLV
MNP,XLF
MNRL,XLE
MNRO,XLY
MNR,XLRE
MNSBP,XLF
MNSB,XLF
MNSO,XLY
MNST,XLP
MNTK,XLU
MNTX,XLI
MN,XLF
MOAT,ETF
MODN,XLK
MODV,XLV
MOD,XLY
MOFG,XLF
MOGO,XLK
MOGU,XLY
MOHO,XLY
MOH,XLV
MOM,ETF
MOMO,XLC
MONCU,XLF
MON,XLF
MOO,ETF
MOON,ETF
MORF,XLV
MORN,XLF
MORT,ETF
MOR,XLV
MOS,XLB
MOSY,XLK
MOTI,ETF
MOTNU,XLF
MOTO,ETF
MOTS,XLV
MOTV,XLF
MOVE,XLV
MOV,XLY
MOXC,XLC
MO,XLP
MPAA,XLY
MPACU,XLF
MPA,XLF
MPB,XLF
MPC,XLE
MPLN,XLV
MPLX,XLE
MPRO,ETF
MPV,XLF
MPWR,XLK
MPW,XLRE
MP,XLB
MPX,XLY
MQT,XLF
MQ,XLK
MQY,XLF
MRACU,XLF
MRAC,XLF
MRAD,ETF
MRAM,XLK
MRBK,XLF
MRCCL,ETF
MRCC,XLF
MRC,XLE
MRCY,XLI
MREO,XLV
MRGR,ETF
MRIN,XLK
MRKR,XLV
MRK,XLV
MRLN,XLF
MRM,XLY
MRNA,XLV
MRNS,XLV
MRO,XLE
MRSK,ETF
MRSN,XLV
MRTN,XLI
MRTX,XLV
MRUS,XLV
MRVI,XLV
MRVL,XLK
MSACU,XLF
MSAC,XLF
MSA,XLI
MSBI,XLF
MSB,XLB
MSCI,XLF
MSC,XLY
MSDAU,XLF
MSD,XLF
MSEX,XLU
MSFT,XLK
MSGE,XLC
MSGM,XLC
MSGN,XLC
MSGS,XLC
MSI,XLK
MSM,XLI
MSN,XLK
MSON,XLV
MSOS,ETF
MSP,XLK
MSTB,ETF
MSTR,XLK
MSVB,XLF
MSVX,ETF
MS,XLF
MTACU,XLF
MTAC,XLF
MTA,XLB
MTBCP,XLV
MTBC,XLV
MTB,XLF
MTCH,XLC
MTCR,XLV
MTC,XLK
MTDR,XLE
MTD,XLV
MTEM,XLV
MTEX,XLP
MTGP,ETF
MTG,XLF
MTH,XLY
MTLS,XLK
MTL,XLB
MTNB,XLV
MTN,XLY
MTOR,XLY
MTP,XLV
MTRN,XLB
MTR,XLE
MTRX,XLE
MTSC,XLK
MTSI,XLK
MTSL,XLC
MTT,XLF
MTUL,ETF
MTUM,ETF
MTW,XLI
MT,XLB
MTX,XLB
MTZ,XLI
MUA,XLF
MUB,ETF
MUC,XLF
MUDSU,XLI
MUDS,XLF
MUE,XLF
MUFG,XLF
MUH,XLF
MUI,XLF
MUJ,XLF
MUNI,ETF
MUR,XLE
MUSA,XLY
MUST,ETF
MUS,XLF
MU,XLK
MUX,XLB
MVBF,XLF
MVCD,ETF
MVC,XLF
MVF,XLF
MVIS,XLK
MVO,XLE
MVP,ETF
MVRL,ETF
MVT,XLF
MVV,ETF
MWA,XLI
MWK,XLK
MXC,XLE
MXDU,ETF
MXE,XLF
MXF,XLF
MXI,ETF
MXIM,XLK
MXL,XLK
M,XLY
MX,XLK
MYC,XLF
MYD,XLF
MYE,XLY
MYFW,XLF
MYF,XLF
MYGN,XLV
MYI,XLF
MYJ,XLF
MYMD,XLV
MYN,XLF
MYOV,XLV
MYO,XLV
MYRG,XLI
MYSZ,XLK
MYTE,XLY
MYT,XLY
MYY,ETF
MZA,XLF
MZZ,ETF
NAACU,XLF
NAAC,XLF
NACP,ETF
NAC,XLF
NAD,XLF
NAII,XLP
NAIL,ETF
NAKD,XLY
NAK,XLB
NANR,ETF
NAN,XLF
NAOV,XLV
NAPA,XLP
NAPR,ETF
NARI,XLV
NATH,XLY
NATI,XLK
NATR,XLP
NAT,XLI
NAVB,XLV
NAVI,XLF
NAV,XLI
NAZ,XLF
NBACU,XLF
NBAC,XLF
NBA,XLF
NBB,XLF
NBEV,XLP
NBHC,XLF
NBH,XLF
NBIX,XLV
NBLX,XLE
NBN,XLF
NBO,XLF
NBRV,XLV
NBR,XLE
NBSE,XLV
NBSTU,XLF
NBST,XLF
NBTB,XLF
NBTX,XLV
NBW,XLF
NBY,XLV
NCA,XLF
NCBS,XLF
NCB,XLF
NCLH,XLY
NCMI,XLC
NCNA,XLV
NCNO,XLK
NCR,XLK
NCSM,XLE
NCTY,XLC
NCV,XLF
NC,XLE
NCZ,XLF
NDACU,XLF
NDAC,XLF
NDAQ,XLF
NDLS,XLY
NDP,XLF
NDRA,XLV
NDSN,XLI
NEAR,ETF
NEA,XLF
NEBC,XLF
NEE,XLU
NEM,XLB
NEN,XLRE
NEOG,XLV
NEON,XLK
NEOS,XLV
NEO,XLV
NEPH,XLV
NEPT,XLV
NEP,XLU
NERD,ETF
NERV,XLV
NESR,XLE
NES,XLI
NETE,XLK
NETI,XLI
NETL,ETF
NET,XLK
NEU,XLB
NEV,XLF
NEWA,XLI
NEWR,XLK
NEWT,XLF
NEW,XLP
NEXA,XLB
NEXI,XLV
NEXT,XLE
NEX,XLE
NFBK,XLF
NFE,XLU
NFG,XLE
NFH,XLV
NFJ,XLF
NFLT,ETF
NFLX,XLC
NFRA,ETF
NFTY,ETF
NGAB,XLF
NGACU,XLF
NGAC,XLF
NGA,XLF
NGCAU,XLF
NGD,XLB
NGE,ETF
NGG,XLU
NGHCN,XLF
NGHCO,XLF
NGHCP,XLF
NGHC,XLF
NGHCZ,XLF
NGL,XLE
NGMS,XLC
NGM,XLV
NGS,XLE
NGVC,XLP
NGVT,XLB
NG,XLB
NHA,XLF
NHC,XLV
NHF,XLF
NHICU,XLF
NHIC,XLF
NHI,XLRE
NHLD,XLF
NHS,XLF
NHTC,XLY
NH,XLV
NIB,ETF
NICE,XLK
NICK,XLF
NID,XLF
NIE,XLF
NIFE,ETF
NIMC,XLU
NIM,XLF
NINE,XLE
NIO,XLY
NIQ,XLF
NISN,XLI
NIU,XLY
NI,XLU
NJAN,ETF
NJR,XLU
NJUL,ETF
NJV,XLF
NKE,XLY
NKG,XLF
NKLA,XLY
NKSH,XLF
NKTR,XLV
NKTX,XLV
NK,XLV
NKX,XLF
NLOK,XLK
NLR,ETF
NLSN,XLI
NLSP,XLV
NLS,XLY
NLTX,XLV
NL,XLI
NLY,XLRE
NMCI,XLI
NMFC,XLF
NMIH,XLF
NMI,XLF
NML,XLF
NMMCU,XLF
NMMC,XLF
NMM,XLI
NMRD,XLV
NMRK,XLRE
NMR,XLF
NMS,XLF
NMTR,XLV
NMT,XLF
NM,XLI
NMY,XLF
NMZ,XLF
NNA,XLE
NNBR,XLI
NNDM,XLK
NNI,XLF
NNN,XLRE
NNOX,XLV
NNVC,XLV
NNY,XLF
NOACU,XLF
NOAC,XLF
NOAH,XLF
NOA,XLE
NOBL,ETF
NOCT,ETF
NOC,XLI
NODK,XLF
NOG,XLE
NOK,XLK
NOMD,XLP
NOM,XLF
NORW,ETF
NOTV,XLV
NOVA,XLK
NOVN,XLV
NOVSU,XLF
NOVS,XLF
NOVT,XLK
NOV,XLE
NOW,XLK
NPAUU,XLF
NPA,XLF
NPCE,XLV
NPK,XLI
NPN,XLF
NPO,XLI
NPTN,XLK
NPV,XLF
NP,XLB
NQP,XLF
NRACU,XLF
NRAC,XLF
NRBO,XLV
NRC,XLV
NREF,XLRE
NRGD,ETF
NRGO,ETF
NRGU,ETF
NRG,XLU
NRGZ,ETF
NRIM,XLF
NRIX,XLV
NRK,XLF
NRO,XLF
NRP,XLE
NRT,XLE
NR,XLE
NRZ,XLRE
NSA,XLRE
NSCO,XLI
NSC,XLI
NSEC,XLF
NSH,XLF
NSIT,XLK
NSL,XLF
NSPR,XLV
NSP,XLI
NSSC,XLI
NSTB,XLF
NSTC,XLF
NSTD,XLF
NSTG,XLV
NS,XLE
NSYS,XLK
NTAP,XLK
NTB,XLF
NTCO,XLP
NTCT,XLK
NTEC,XLV
NTES,XLC
NTGR,XLK
NTG,XLF
NTIC,XLB
NTIP,XLK
NTLA,XLV
NTN,XLC
NTNX,XLK
NTP,XLRE
NTRA,XLV
NTRSO,XLF
NTRS,XLF
NTR,XLB
NTST,XLRE
NTSX,ETF
NTUS,XLV
NTWK,XLK
NTZ,XLY
NUAG,ETF
NUAN,XLK
NUBD,ETF
NUDM,ETF
NUEM,ETF
NUE,XLB
NUGT,ETF
NUHY,ETF
NULC,ETF
NULG,ETF
NULV,ETF
NUMG,ETF
NUMV,ETF
NUM,XLF
NUO,XLF
NURE,ETF
NURO,XLV
NUSA,ETF
NUSC,ETF
NUSI,ETF
NUS,XLP
NUVA,XLV
NUVB,XLV
NUV,XLF
NUWE,XLV
NUW,XLF
NU,XLF
NUZE,XLP
NVAX,XLV
NVCN,XLV
NVCR,XLV
NVDA,XLK
NVEC,XLK
NVEE,XLI
NVEI,XLK
NVFY,XLY
NVGS,XLE
NVG,XLF
NVIV,XLV
NVMI,XLK
NVMZ,ETF
NVOS,XLV
NVO,XLV
NVQ,ETF
NVRO,XLV
NVR,XLY
NVSAU,XLF
NVSA,XLF
NVST,XLV
NVS,XLV
NVTA,XLV
NVT,XLI
NVUS,XLV
NVVE,XLY
NWBI,XLF
NWE,XLU
NWFL,XLF
NWG,XLF
NWHM,XLY
NWLI,XLF
NWL,XLP
NWN,XLU
NWPX,XLI
NWSA,XLC
NWS,XLC
NXC,XLF
NXE,XLE
NXGN,XLV
NXJ,XLF
NXN,XLF
NXPI,XLK
NXP,XLF
NXQ,XLF
NXRT,XLRE
NXR,XLF
NXST,XLC
NXTC,XLV
NXTD,XLI
NXTG,ETF
NXU,XLF
NX,XLI
NYCB,XLF
NYC,XLRE
NYF,ETF
NYMTM,XLRE
NYMTN,XLRE
NYMTO,XLRE
NYMTP,XLRE
NYMT,XLRE
NYMX,XLV
NYT,XLC
NYV,XLF
NZF,XLF
OACB,XLF
OAC,XLF
OAS,XLE
OBAS,XLRE
OBCI,XLI
OBE,XLE
OBLG,XLK
OBLN,XLV
OBNK,XLF
OBOR,ETF
OBSV,XLV
OCA,XLF
OCAXU,XLF
OCAX,XLF
OCCIO,XLF
OCCIP,XLF
OCCI,XLF
OCC,XLK
OCDX,XLV
OCFCP,XLF
OCFC,XLF
OCFT,XLK
OCGN,XLV
OCG,XLY
OCIO,ETF
OCN,XLF
OCSI,XLF
OCSL,XLF
OCTZ,ETF
OCUL,XLV
OCUP,XLV
OC,XLI
OCX,XLV
ODC,XLB
ODFL,XLI
ODP,XLY
ODT,XLV
OEC,XLB
OEF,ETF
OEG,XLU
OEPWU,XLF
OEPW,XLF
OESX,XLI
OEUR,ETF
OFC,XLRE
OFED,XLF
OFG,XLF
OFIX,XLV
OFLX,XLI
OFSSZ,ETF
OFS,XLF
OGCP,XLRE
OGEN,XLV
OGE,XLU
OGIG,ETF
OGI,XLV
OGN,XLV
OGS,XLU
OG,XLK
OHI,XLRE
OHPAU,XLF
OHPA,XLF
OIA,XLF
OIH,ETF
OIIM,XLK
OII,XLE
OIL,ETF
OILK,ETF
OIS,XLE
OI,XLY
OKE,XLE
OKTA,XLK
OLB,XLK
OLD,ETF
OLED,XLK
OLK,XLV
OLLI,XLP
OLMA,XLV
OLN,XLB
OLO,XLK
OLP,XLRE
OMAB,XLI
OMCL,XLV
OMC,XLC
OMEG,XLF
OMER,XLV
OMEX,XLI
OMFL,ETF
OMFS,ETF
OMF,XLF
OMI,XLV
OMP,XLE
OM,XLV
ONB,XLF
ONCR,XLV
ONCS,XLV
ONCT,XLV
ONCY,XLV
ONDS,XLK
ONEM,XLV
ONEO,ETF
ONEQ,ETF
ONEV,ETF
ONEW,XLY
ONE,XLP
ONEY,ETF
ONLN,ETF
ONOF,ETF
ONTF,XLK
ONTO,XLK
ONTX,XLV
ONVO,XLV
ON,XLK
OOMA,XLC
OPBK,XLF
OPCH,XLV
OPEN,XLRE
OPER,ETF
OPESU,XLF
OPES,XLF
OPGN,XLV
OPHC,XLF
OPI,XLRE
OPK,XLV
OPNT,XLV
OPOF,XLF
OPPX,ETF
OPP,XLF
OPRA,XLK
OPRT,XLF
OPRX,XLV
OPTN,XLV
OPTT,XLI
OPT,XLV
OPY,XLF
ORAN,XLC
ORA,XLU
ORBC,XLC
ORCC,XLF
ORCL,XLK
ORC,XLRE
ORGO,XLV
ORGS,XLV
ORIC,XLV
ORI,XLF
ORLA,XLB
ORLY,XLY
ORMP,XLV
ORN,XLI
ORPH,XLV
ORRF,XLF
ORTX,XLV
OR,XLB
OSBC,XLF
OSB,XLB
OSCR,XLV
OSCV,ETF
OSG,XLE
OSH,XLV
OSIS,XLK
OSK,XLI
OSMT,XLV
OSN,XLB
OSPN,XLK
OSS,XLK
OSTK,XLY
OSTRU,XLF
OSTR,XLF
OSUR,XLV
OSW,XLY
OTEL,XLC
OTEX,XLK
OTIC,XLV
OTIS,XLI
OTLK,XLV
OTRA,XLF
OTRKP,XLV
OTRK,XLV
OTTR,XLU
OUNZ,ETF
OUSA,ETF
OUSM,ETF
OUST,XLK
OUT,XLRE
OVBC,XLF
OVB,ETF
OVF,ETF
OVID,XLV
OVL,ETF
OVLH,ETF
OVLY,XLF
OVM,ETF
OVS,ETF
OVT,ETF
OVV,XLE
OXBR,XLF
OXFD,XLV
OXLCM,XLF
OXLCO,XLF
OXLCP,XLF
OXLC,XLF
O,XLRE
OXM,XLY
OXSQ,XLF
OXY,XLE
OYST,XLV
OZK,XLF
OZON,XLY
PAAS,XLB
PAA,XLE
PAB,ETF
PACB,XLV
PACE,XLF
PACK,XLY
PACW,XLF
PAC,XLI
PACXU,XLF
PACX,XLF
PAE,XLI
PAGP,XLE
PAGS,XLK
PAG,XLY
PAHC,XLV
PAICU,XLF
PAIC,XLF
PAI,XLF
PAK,ETF
PALC,ETF
PALI,XLV
PALL,ETF
PAMC,ETF
PAM,XLU
PANA,XLF
PAND,XLV
PANL,XLI
PANW,XLK
PAPR,ETF
PAQCU,XLF
PAQC,XLF
PARA,XLC
PARR,XLE
PAR,XLK
PASG,XLV
PATH,XLK
PATI,XLI
PATK,XLY
PAUG,ETF
PAVE,ETF
PAVM,XLV
PAWZ,ETF
PAX,XLF
PAYA,XLK
PAYC,XLK
PAYO,XLK
PAYS,XLI
PAYX,XLI
PBA,XLE
PBB,ETF
PBCTP,XLF
PBCT,XLF
PBD,ETF
PBDM,ETF
PBEE,ETF
PBE,ETF
PBFS,XLF
PBF,XLE
PBFX,XLE
PBHC,XLF
PBH,XLV
PBIP,XLF
PBI,XLI
PBJ,ETF
PBLA,XLV
PBND,ETF
PBPB,XLY
PBP,ETF
PBR,XLE
PBS,ETF
PBSM,ETF
PBTP,ETF
PBTS,XLK
PBT,XLE
PBUS,ETF
PBW,ETF
PB,XLF
PBY,ETF
PBYI,XLV
PCAR,XLI
PCB,XLF
PCEF,ETF
PCF,XLF
PCGU,XLU
PCG,XLU
PCH,XLRE
PCI,XLF
PCK,XLF
PCM,XLF
PCN,XLF
PCOM,XLC
PCPC,XLF
PCPL,XLF
PCQ,XLF
PCRX,XLV
PCSA,XLV
PCSB,XLF
PCTI,XLK
PCTTU,XLI
PCT,XLI
PCTY,XLK
PCVX,XLV
PCY,ETF
PCYG,XLK
PCYO,XLU
PDAC,XLF
PDBC,ETF
PDCE,XLE
PDCO,XLV
PDD,XLY
PDEC,ETF
PDEV,ETF
PDEX,XLV
PDFS,XLK
PDI,XLF
PDLB,XLF
PDLI,XLV
PDM,XLRE
PDN,ETF
PDOT,XLF
PDO,XLB
PDP,ETF
PDSB,XLV
PDS,XLE
PDT,XLF
PD,XLK
PEAK,XLRE
PEBK,XLF
PEBO,XLF
PEB,XLRE
PECK,XLK
PED,XLE
PEGA,XLK
PEG,XLU
PEI,XLRE
PEIX,XLE
PEJ,ETF
PENN,XLY
PEN,XLV
PEO,XLF
PEP,XLP
PERI,XLC
PESI,XLI
PETQ,XLV
PETS,XLV
PETZ,XLP
PEX,ETF
PE,XLE
PEXL,ETF
PEY,ETF
PEZ,ETF
PFBC,XLF
PFBI,XLF
PFC,XLF
PFDRU,XLF
PFDR,XLF
PFD,XLF
PFEB,ETF
PFE,XLV
PFFA,ETF
PFFD,ETF
PFF,ETF
PFFL,ETF
PFFR,ETF
PFFV,ETF
PFGC,XLP
PFG,XLF
PFHD,XLF
PFH,XLF
PFI,ETF
PFIE,XLE
PFIG,ETF
PFIN,XLI
PFIS,XLF
PFIX,ETF
PFLD,ETF
PFLT,XLF
PFL,XLF
PFM,ETF
PFMT,XLI
PFN,XLF
PFO,XLF
PFPT,XLK
PFSI,XLF
PFSW,XLI
PFS,XLF
PFXF,ETF
PFX,XLF
PGAL,ETF
PGC,XLF
PGEN,XLV
PGF,ETF
PGHY,ETF
PGJ,ETF
PGM,ETF
PGNY,XLV
PGP,XLF
PGRE,XLRE
PGRWU,XLF
PGRW,XLF
PGR,XLF
PGTI,XLI
PGX,ETF
PG,XLP
PGZ,XLF
PHAR,XLV
PHAS,XLV
PHAT,XLV
PHB,ETF
PHCF,XLF
PHDG,ETF
PHD,XLF
PHGE,XLV
PHG,XLV
PHICU,XLF
PHIC,XLF
PHIO,XLV
PHI,XLC
PHK,XLF
PHM,XLY
PHO,ETF
PHR,XLV
PHT,XLF
PHUN,XLK
PHVS,XLV
PH,XLI
PHX,XLE
PHYL,ETF
PHYS,XLF
PIAI,XLF
PICB,ETF
PICC,XLF
PICK,ETF
PICO,XLU
PIC,XLF
PID,ETF
PIE,ETF
PIFI,ETF
PIHPP,XLF
PIH,XLF
PII,XLY
PILL,ETF
PIM,XLF
PINC,XLV
PIN,ETF
PINE,XLRE
PING,XLK
PINS,XLC
PIO,ETF
PIPP,XLF
PIPR,XLF
PIRS,XLV
PI,XLK
PIXY,XLI
PIZ,ETF
PJAN,ETF
PJP,ETF
PJT,XLF
PJUL,ETF
PJUN,ETF
PKB,ETF
PKBK,XLF
PKE,XLI
PKG,XLY
PKI,XLV
PKOH,XLI
PKO,XLF
PKW,ETF
PK,XLRE
PKX,XLB
PLAB,XLK
PLAG,XLP
PLAN,XLK
PLAT,ETF
PLAY,XLY
PLBC,XLF
PLBY,XLY
PLC,ETF
PLCE,XLY
PLD,XLRE
PLG,XLB
PLIN,XLP
PLL,XLB
PLMIU,XLF
PLMI,XLF
PLMR,XLF
PLM,XLB
PLNT,XLY
PLOW,XLY
PLPC,XLI
PLRX,XLV
PLSE,XLV
PLTK,XLC
PLTM,ETF
PLTR,XLK
PLT,XLK
PLUG,XLI
PLUS,XLK
PLW,ETF
PLXP,XLV
PLXS,XLK
PLX,XLV
PLYA,XLY
PLYM,XLRE
PMAR,ETF
PMAY,ETF
PMBC,XLF
PMD,XLV
PME,XLP
PMF,XLF
PMGMU,XLF
PMGM,XLF
PML,XLF
PMM,XLF
PMO,XLF
PMT,XLRE
PMVC,XLF
PMVP,XLV
PM,XLP
PMX,XLF
PNBK,XLF
PNC,XLF
PNFPP,XLF
PNFP,XLF
PNF,XLF
PNI,XLF
PNM,XLU
PNNT,XLF
PNOV,ETF
PNQI,ETF
PNRG,XLE
PNR,XLI
PNTG,XLV
PNTM,XLF
PNW,XLU
POAI,XLV
POCT,ETF
PODD,XLV
POLA,XLI
POOL,XLY
POR,XLU
POSH,XLY
POST,XLP
POTX,ETF
POWI,XLK
POWL,XLI
POWRU,XLF
POWW,XLI
POW,XLF
PPA,ETF
PPBI,XLF
PPBT,XLV
PPC,XLP
PPD,XLV
PPGHU,XLF
PPGH,XLF
PPG,XLB
PPH,ETF
PPIH,XLI
PPLT,ETF
PPL,XLU
PPR,XLF
PPSI,XLI
PPTA,XLB
PPT,XLF
PPTY,ETF
PQDI,ETF
PQG,XLB
PQIN,ETF
PQLC,ETF
PQSG,ETF
PQSV,ETF
PRAA,XLF
PRAH,XLV
PRA,XLF
PRAX,XLV
PRCH,XLK
PRCP,XLK
PRDO,XLP
PREF,ETF
PRF,ETF
PRFT,XLK
PRFX,XLV
PRFZ,ETF
PRGO,XLV
PRGS,XLK
PRG,XLI
PRGX,XLI
PRIM,XLI
PRI,XLF
PRK,XLF
PRLB,XLI
PRLD,XLV
PRMW,XLP
PRN,ETF
PRNT,ETF
PROF,XLV
PROG,XLV
PROS,XLF
PROV,XLF
PRO,XLK
PRPB,XLF
PRPC,XLF
PRPH,XLV
PRPL,XLY
PRPO,XLV
PRQR,XLV
PRSC,XLV
PRS,ETF
PRSP,XLK
PRSRU,XLF
PRSR,XLF
PRTA,XLV
PRTC,XLV
PRTG,XLV
PRTH,XLK
PRTK,XLV
PRTS,XLY
PRT,XLE
PRTY,XLY
PRU,XLF
PRVA,XLV
PRVB,XLV
PRVL,XLV
PR,XLE
PSACU,XLF
PSAC,XLF
PSAGU,XLF
PSAG,XLF
PSA,XLRE
PSB,XLRE
PSCC,ETF
PSCD,ETF
PSCE,ETF
PSC,ETF
PSCF,ETF
PSCH,ETF
PSCI,ETF
PSCM,ETF
PSCT,ETF
PSCU,ETF
PSCW,ETF
PSCX,ETF
PSEC,XLF
PSEP,ETF
PSET,ETF
PSFD,ETF
PSFE,XLK
PSFF,ETF
PSFM,ETF
PSF,XLF
PSHG,XLI
PSI,ETF
PSJ,ETF
PSK,ETF
PSL,ETF
PSLV,XLF
PSMB,ETF
PSMC,ETF
PSMD,ETF
PSM,ETF
PSMG,ETF
PSMM,ETF
PSMR,ETF
PSMT,XLP
PSNL,XLV
PSN,XLI
PSNY,XLY
PSO,XLC
PSP,ETF
PSQ,ETF
PSR,ETF
PST,ETF
PSTG,XLK
PSTH,XLF
PSTI,XLV
PSTL,XLRE
PSTV,XLV
PSTX,XLV
PS,XLK
PSXP,XLE
PSX,XLE
PTACU,XLF
PTAC,XLF
PTBD,ETF
PTCT,XLV
PTC,XLK
PTEN,XLE
PTEU,ETF
PTE,XLV
PTF,ETF
PTGX,XLV
PTH,ETF
PTICU,XLF
PTIC,XLF
PTIN,ETF
PTI,XLV
PTIX,XLK
PTK,XLF
PTLC,ETF
PTLO,XLY
PTMC,ETF
PTMN,XLF
PTNQ,ETF
PTNR,XLC
PTN,XLV
PTOCU,XLF
PTOC,XLF
PTON,XLY
PTPI,XLV
PTRS,XLF
PTR,XLE
PTSI,XLI
PTVCA,XLF
PTVCB,XLF
PTVE,XLY
PT,XLF
PTY,XLF
PUBM,XLK
PUCKU,XLF
PUCK,XLF
PUI,ETF
PUK,XLF
PULM,XLV
PULS,ETF
PUMP,XLE
PUTW,ETF
PUYI,XLF
PVAC,XLE
PVBC,XLF
PVG,XLB
PVH,XLY
PVI,ETF
PVL,XLE
PV,XLF
PWB,ETF
PWC,ETF
PWFL,XLK
PWOD,XLF
PWR,XLI
PWS,ETF
PWV,ETF
PW,XLRE
PWZ,ETF
PXD,XLE
PXE,ETF
PXF,ETF
PXH,ETF
PXI,ETF
PXJ,ETF
PXLW,XLK
PXQ,ETF
PXSAP,XLI
PXS,XLI
PY,ETF
PYN,XLF
PYPD,XLV
PYPE,ETF
PYPL,XLF
PYR,XLI
PYS,ETF
PYZ,ETF
PZA,ETF
PZC,XLF
PZD,ETF
PZG,XLB
PZN,XLF
PZT,ETF
PZZA,XLY
QABA,ETF
QADA,XLK
QADB,XLK
QAI,ETF
QARP,ETF
QAT,ETF
QCLN,ETF
QCOM,XLK
QCON,ETF
QCRH,XLF
QDEC,ETF
QDEF,ETF
QDEL,XLV
QDF,ETF
QDIV,ETF
QD,XLF
QDYN,ETF
QED,ETF
QEFA,ETF
QELLU,XLF
QELL,XLF
QEMM,ETF
QEP,XLE
QFIN,XLF
QFTA,XLF
QGEN,XLV
QGRO,ETF
QH,XLK
QID,ETF
QINT,ETF
QIWI,XLF
QK,XLRE
QLC,ETF
QLD,ETF
QLGN,XLV
QLI,XLV
QLS,ETF
QLTA,ETF
QLVD,ETF
QLVE,ETF
QLV,ETF
QLYS,XLK
QMAR,ETF
QMCO,XLK
QMJ,ETF
QMN,ETF
QMOM,ETF
QNST,XLC
QPFF,ETF
QPT,ETF
QPX,ETF
QQC,ETF
QQD,ETF
QQEW,ETF
QQH,ETF
QQQE,ETF
QQQ,ETF
QQQJ,ETF
QQQM,ETF
QQQN,ETF
QQQX,XLF
QQXT,ETF
QRFT,ETF
QRHC,XLI
QRTEA,XLY
QRTEB,XLY
QRTEP,XLY
QRVO,XLK
QSR,XLY
QS,XLY
QSY,ETF
QTAP,ETF
QTEC,ETF
QTNT,XLV
QTRX,XLV
QTS,XLRE
QTT,XLC
QTUM,ETF
QTWO,XLK
QUAD,XLI
QUAL,ETF
QUIK,XLK
QULL,ETF
QUMU,XLK
QUOT,XLC
QURE,XLV
QUS,ETF
QVAL,ETF
QVCD,ETF
QWLD,ETF
QYLD,ETF
QYLG,ETF
RAAC,XLF
RAAS,XLK
RAAX,ETF
RACA,XLF
RACB,XLF
RACE,XLY
RADA,XLI
RADI,XLC
RAD,XLV
RAFE,ETF
RAIL,XLI
RAIN,XLV
RALS,ETF
RAMP,XLK
RAND,XLF
RAPT,XLV
RARE,XLV
RAVE,XLY
RAVI,ETF
RAVN,XLI
RA,XLF
RAYC,ETF
RBAC,XLF
RBA,XLI
RBBN,XLC
RBB,XLF
RBCAA,XLF
RBCN,XLK
RBC,XLI
RBIN,ETF
RBKB,XLF
RBLX,XLC
RBNC,XLF
RBND,ETF
RBUS,ETF
RCAT,XLK
RCD,ETF
RCEL,XLV
RCG,XLF
RCHGU,XLF
RCHG,XLF
RCII,XLI
RCI,XLC
RCKT,XLV
RCKY,XLY
RCLFU,XLF
RCLF,XLF
RCL,XLY
RCMT,XLI
RCM,XLV
RCON,XLE
RCS,XLF
RCUS,XLV
RC,XLRE
RDCM,XLC
RDFI,ETF
RDFN,XLRE
RDHL,XLV
RDIB,XLC
RDIV,ETF
RDI,XLC
RDNT,XLV
RDN,XLF
RDOG,ETF
RDUS,XLV
RDVT,XLK
RDVY,ETF
RDWR,XLK
RDY,XLV
REAL,XLY
REC,ETF
RECS,ETF
REDU,XLP
REED,XLP
REET,ETF
REFR,XLK
REGI,XLE
REGL,ETF
REGN,XLV
REG,XLRE
REIT,ETF
REI,XLE
REK,ETF
REKR,XLK
RELI,XLF
RELL,XLK
RELV,XLP
RELX,XLC
REM,ETF
REML,ETF
REMX,ETF
RENN,XLY
REPH,XLV
REPL,XLV
REPX,XLE
RESD,ETF
RESE,ETF
RESI,XLRE
RESN,XLK
RESP,ETF
RES,XLE
RETA,XLV
RETL,ETF
RETO,XLB
REVG,XLI
REVHU,XLF
REVH,XLF
REVS,ETF
REV,XLP
REW,ETF
RE,XLF
REXR,XLRE
REX,XLE
REYN,XLY
REZ,ETF
REZI,XLI
RFAP,ETF
RFCI,ETF
RFDA,ETF
RFDI,ETF
RFEM,ETF
RFEU,ETF
RFFC,ETF
RFG,ETF
RFIL,XLI
RFI,XLF
RFL,XLV
RFP,XLB
RFUN,ETF
RFV,ETF
RF,XLF
RGA,XLF
RGCO,XLU
RGEN,XLV
RGI,ETF
RGLD,XLB
RGLS,XLV
RGNX,XLV
RGP,XLI
RGR,XLI
RGS,XLY
RGT,XLF
RHE,XLV
RHI,XLI
RHP,XLRE
RHS,ETF
RH,XLY
RIBT,XLP
RICE,XLF
RICK,XLY
RIDE,XLY
RIGL,XLV
RIGS,ETF
RIG,XLE
RILYI,ETF
RILYL,XLF
RILYP,XLF
RILY,XLF
RINF,ETF
RING,ETF
RIOT,XLK
RIO,XLB
RISN,ETF
RITM,XLRE
RIVE,XLF
RIVN,XLY
RIV,XLF
RJA,ETF
RJF,XLF
RJI,ETF
RJN,ETF
RJZ,ETF
RKDA,XLB
RKT,XLF
RLAY,XLV
RLGT,XLI
RLGY,XLRE
RLH,XLY
RLI,XLF
RLJ,XLRE
RLMD,XLV
RL,XLY
RLX,XLP
RLY,ETF
RMAX,XLRE
RMBI,XLF
RMBL,XLY
RMBS,XLK
RMCF,XLP
RMD,XLV
RMED,XLV
RMGBU,XLF
RMGB,XLF
RMGCU,XLF
RMGC,XLF
RMG,XLF
RMM,XLF
RMNI,XLK
RMO,XLY
RMRM,XLRE
RMR,XLRE
RMTI,XLV
RMT,XLF
RM,XLF
RNA,XLV
RNDB,XLF
RNDM,ETF
RNDV,ETF
RNEM,ETF
RNET,XLE
RNGR,XLE
RNG,XLK
RNLC,ETF
RNLX,XLV
RNMC,ETF
RNP,XLF
RNRG,ETF
RNR,XLF
RNSC,ETF
RNST,XLF
RNWK,XLC
ROAD,XLI
ROAM,ETF
ROBO,ETF
ROBT,ETF
ROCC,XLF
ROCHU,XLF
ROCH,XLF
ROCK,XLI
ROCRU,XLF
ROCR,XLF
RODE,ETF
RODI,ETF
RODM,ETF
ROG,XLK
ROIC,XLRE
ROKT,ETF
ROKU,XLC
ROK,XLI
ROLL,XLI
ROL,XLY
ROM,ETF
ROMO,ETF
ROOF,ETF
ROOT,XLF
ROP,XLI
RORO,ETF
ROSC,ETF
ROSS,XLF
ROST,XLY
ROT,XLF
ROUS,ETF
RPAI,XLRE
RPAR,ETF
RPAY,XLK
RPD,XLK
RPG,ETF
RPHM,XLV
RPLA,XLF
RPM,XLB
RPRX,XLV
RPT,XLRE
RPTX,XLV
RPV,ETF
RP,XLK
RQI,XLF
RRBI,XLF
RRC,XLE
RRD,XLI
RRGB,XLY
RRR,XLY
RSG,XLI
RSI,XLY
RSP,ETF
RSSS,XLK
RSVA,XLF
RSX,ETF
RSXJ,ETF
RS,XLB
RTAI,ETF
RTH,ETF
RTLR,XLE
RTM,ETF
RTP,XLF
RTPYU,XLF
RTPZ,XLF
RTX,XLI
RUBY,XLV
RUHN,XLY
RUM,XLK
RUN,XLK
RUSHA,XLY
RUSHB,XLY
RUSL,ETF
RUTH,XLY
RVI,XLRE
RVLV,XLY
RVMD,XLV
RVNC,XLV
RVNU,ETF
RVPH,XLV
RVP,XLV
RVRS,ETF
RVSB,XLF
RVT,XLF
RWGV,ETF
RWJ,ETF
RWK,ETF
RWL,ETF
RWLK,XLV
RWM,ETF
RWO,ETF
RWR,ETF
RWT,XLRE
RWVG,ETF
RWX,ETF
RXD,ETF
RXDX,XLV
RXI,ETF
RXL,ETF
R,XLI
RXN,XLI
RXRAU,XLF
RXRA,XLF
RXRX,XLV
RXT,XLK
RYAAY,XLI
RYAM,XLB
RYB,XLP
RYE,ETF
RYF,ETF
RYH,ETF
RYI,XLI
RYJ,ETF
RYLD,ETF
RYN,XLRE
RYT,ETF
RYTM,XLV
RYU,ETF
RY,XLF
RZA,XLF
RZB,ETF
RZG,ETF
RZLT,XLV
RZV,ETF
SAA,ETF
SABRP,XLK
SABR,XLK
SACC,ETF
SACH,XLRE
SAF,ETF
SAFE,XLRE
SAFM,XLP
SAFT,XLF
SAGE,XLV
SAH,XLY
SAIA,XLI
SAIC,XLK
SAIIU,XLF
SAII,XLF
SAIL,XLK
SALM,XLC
SALT,XLI
SAL,XLF
SAMAU,XLF
SAMA,XLF
SAMG,XLF
SAM,XLP
SANA,XLV
SAND,XLB
SANM,XLK
SANW,XLP
SAN,XLF
SAP,XLK
SARK,ETF
SAR,XLF
SASR,XLF
SATS,XLK
SAVA,XLV
SAVE,XLI
SA,XLB
SBAC,XLRE
SBB,ETF
SBBP,XLV
SBCF,XLF
SBEAU,XLF
SBEA,XLF
SBE,XLF
SBFG,XLF
SBGI,XLC
SBG,XLF
SBH,XLY
SBII,XLF
SBIO,ETF
SBI,XLF
SBLK,XLI
SBM,ETF
SBNYP,XLF
SBNY,XLF
SBOW,XLE
SBRA,XLRE
SBR,XLE
SBSI,XLF
SBSW,XLB
SBS,XLU
SBT,XLF
SBTX,XLV
SBUG,ETF
SBUX,XLY
SB,XLI
SCA,ETF
SCAQU,XLF
SCAQ,XLF
SCCB,ETF
SCCC,ETF
SCC,ETF
SCCO,XLB
SCDL,ETF
SCD,XLF
SCHA,ETF
SCHB,ETF
SCHC,ETF
SCHD,ETF
SCHE,ETF
SCHF,ETF
SCHG,ETF
SCHH,ETF
SCHI,ETF
SCHJ,ETF
SCHK,ETF
SCHL,XLC
SCHM,ETF
SCHN,XLB
SCHO,ETF
SCHP,ETF
SCHQ,ETF
SCHR,ETF
SCHV,ETF
SCHW,XLF
SCHX,ETF
SCHY,ETF
SCHZ,ETF
SCI,XLY
SCJ,ETF
SCKT,XLK
SCLEU,XLF
SCLE,XLF
SCL,XLB
SCM,XLF
SCOAU,XLF
SCOA,XLF
SCOBU,XLF
SCOB,XLF
SCO,ETF
SCOR,XLC
SCPE,XLF
SCPH,XLV
SCPL,XLC
SCPS,XLV
SCR,XLC
SCSC,XLK
SCS,XLI
SCU,XLF
SCVL,XLY
SCVX,XLF
SCWX,XLK
SC,XLF
SCX,XLI
SCYX,XLV
SCZ,ETF
SDACU,XLF
SDAC,XLF
SDCI,ETF
SDC,XLV
SDD,ETF
SDEF,ETF
SDEI,ETF
SDEM,ETF
SDGA,ETF
SDG,ETF
SDGR,XLV
SDH,XLI
SDIV,ETF
SDOG,ETF
SDOW,ETF
SDP,ETF
SDPI,XLE
SDS,ETF
SDVY,ETF
SD,XLE
SDY,ETF
SEAC,XLK
SEAH,XLF
SEAS,XLY
SEB,XLI
SECO,XLY
SECT,ETF
SEDG,XLK
SEED,XLB
SEEL,XLV
SEER,XLV
SEE,XLY
SEF,ETF
SEIC,XLF
SEIX,ETF
SELB,XLV
SELF,XLRE
SEMR,XLK
SEM,XLV
SENEA,XLP
SENEB,XLP
SENS,XLV
SENT,ETF
SEPZ,ETF
SESN,XLV
SE,XLC
SFBC,XLF
SFB,ETF
SFBS,XLF
SFET,XLK
SFE,XLF
SFHY,ETF
SFIG,ETF
SFIX,XLY
SFL,XLI
SFM,XLP
SFNC,XLF
SFST,XLF
SFTW,XLF
SFT,XLY
SFUN,XLC
SF,XLF
SFY,ETF
SFYF,ETF
SFYX,ETF
SGAMU,XLF
SGAM,XLF
SGA,XLC
SGBX,XLI
SGC,XLY
SGDJ,ETF
SGDM,ETF
SGEN,XLV
SGFY,XLV
SGG,ETF
SGH,XLK
SGLB,XLK
SGLY,XLI
SGMA,XLK
SGMO,XLV
SGMS,XLY
SGOC,XLF
SGOL,ETF
SGOV,ETF
SGRP,XLI
SGRY,XLV
SGTX,XLV
SGU,XLE
SG,XLF
SHACU,XLF
SHAC,XLF
SHAG,ETF
SHAK,XLY
SHBI,XLF
SHC,XLV
SHE,ETF
SHEL,XLE
SHEN,XLC
SH,ETF
SHG,XLF
SHIP,XLI
SHI,XLE
SHLD,ETF
SHLS,XLK
SHLX,XLE
SHM,ETF
SHOO,XLY
SHOP,XLK
SHO,XLRE
SHSP,XLK
SHV,ETF
SHW,XLB
SHYD,ETF
SHY,ETF
SHYF,XLI
SHYG,ETF
SHYL,ETF
SIBN,XLV
SIC,XLY
SID,XLB
SIEB,XLF
SIEN,XLV
SIF,XLI
SIFY,XLC
SIGA,XLV
SIGIP,XLF
SIGI,XLF
SIG,XLY
SII,XLF
SIJ,ETF
SILC,XLK
SIL,ETF
SILJ,ETF
SILK,XLV
SILV,XLB
SIMO,XLK
SIMS,ETF
SIM,XLB
SINA,XLC
SINO,XLI
SINT,XLV
SIOX,XLV
SIRI,XLC
SITC,XLRE
SITE,XLI
SITM,XLK
SIVBP,XLF
SIVB,XLF
SIVR,ETF
SIXA,ETF
SIXH,ETF
SIXL,ETF
SI,XLF
SIXS,ETF
SIX,XLY
SIZE,ETF
SJB,ETF
SJI,XLU
SJM,XLP
SJNK,ETF
SJR,XLC
SJT,XLE
SJW,XLU
SJ,XLC
SKF,ETF
SKIN,XLP
SKLZ,XLC
SKM,XLC
SKOR,ETF
SKT,XLRE
SKX,XLY
SKYT,XLK
SKYU,ETF
SKYW,XLI
SKY,XLY
SKYY,ETF
SLAB,XLK
SLAC,XLF
SLAMU,XLF
SLAM,XLF
SLB,XLE
SLCA,XLE
SLCRU,XLF
SLCR,XLF
SLCT,XLF
SLDB,XLV
SLF,XLF
SLGG,XLC
SLGL,XLV
SLGN,XLY
SLG,XLRE
SLMBP,XLF
SLM,XLF
SLNG,XLE
SLNO,XLV
SLN,XLV
SLP,XLV
SLQD,ETF
SLQT,XLF
SLRC,XLF
SLRX,XLV
SLS,XLV
SLT,ETF
SLV,ETF
SLVO,ETF
SLVP,ETF
SLX,ETF
SLY,ETF
SLYG,ETF
SLYV,ETF
SMAR,XLK
SMBC,XLF
SMB,ETF
SMBK,XLF
SMCI,XLK
SMCP,ETF
SMDD,ETF
SMDV,ETF
SMDY,ETF
SMED,XLI
SMEZ,ETF
SMFG,XLF
SMG,XLB
SMHB,ETF
SMH,ETF
SMHI,XLI
SMID,XLB
SMIN,ETF
SMIT,XLK
SMLE,ETF
SMLF,ETF
SMLP,XLE
SMLV,ETF
SMMCU,XLF
SMMC,XLF
SMMD,ETF
SMMF,XLF
SMMT,XLV
SMMU,ETF
SMMV,ETF
SMM,XLF
SMN,ETF
SMOG,ETF
SMPL,XLP
SMP,XLY
SMSI,XLK
SMTC,XLK
SMTI,XLV
SMTS,XLB
SMTX,XLK
SMWB,XLC
SM,XLE
SNAP,XLC
SNA,XLI
SNBR,XLY
SNCA,XLV
SNCR,XLK
SNCY,XLI
SNDE,XLE
SNDL,XLV
SNDR,XLI
SND,XLE
SNDX,XLV
SNES,XLB
SNE,XLK
SNEX,XLF
SNFCA,XLF
SNGX,XLV
SNII,XLF
SNLN,ETF
SNMP,XLE
SNN,XLV
SNOA,XLV
SNOW,XLK
SNPE,ETF
SNPR,XLF
SNPS,XLK
SNP,XLE
SNRHU,XLF
SNRH,XLF
SNR,XLRE
SNSE,XLV
SNSR,ETF
SNSS,XLV
SNUG,ETF
SNV,XLF
SNX,XLK
SNY,XLV
SOAC,XLF
SOCL,ETF
SOFI,XLF
SOGO,XLC
SOHOB,XLRE
SOHON,XLRE
SOHOO,XLRE
SOHO,XLRE
SOHU,XLC
SOI,XLE
SOJB,ETF
SOJC,ETF
SOLO,XLY
SOL,XLK
SOLY,XLV
SONA,XLF
SONM,XLK
SONN,XLV
SONO,XLK
SON,XLY
SONY,XLK
SOR,XLF
SOS,XLK
SOVB,ETF
SOXL,ETF
SO,XLU
SOXS,ETF
SOXX,ETF
SOYB,ETF
SPAB,ETF
SPAK,ETF
SPAQ,XLF
SPBO,ETF
SPB,XLP
SPCB,XLI
SPCE,XLI
SPCX,ETF
SPD,ETF
SPDN,ETF
SPDV,ETF
SPDW,ETF
SPEM,ETF
SPEU,ETF
SPE,XLF
SPFF,ETF
SPFI,XLF
SPFR,XLF
SPGI,XLF
SPGM,ETF
SPGP,ETF
SPGS,XLF
SPG,XLRE
SPHB,ETF
SPHD,ETF
SPHQ,ETF
SPH,XLU
SPHY,ETF
SPIB,ETF
SPIP,ETF
SPI,XLK
SPKBU,XLF
SPKB,XLF
SPKEP,XLU
SPKE,XLU
SPLB,ETF
SPLG,ETF
SPLK,XLK
SPLP,XLI
SPLV,ETF
SPMB,ETF
SPMD,ETF
SPMO,ETF
SPMV,ETF
SPNE,XLV
SPNS,XLK
SPNT,XLF
SPNV,XLF
SPOK,XLC
SPOT,XLC
SPPI,XLV
SPPP,XLF
SPQQ,ETF
SPRB,XLV
SPRE,ETF
SPRO,XLV
SPRQ,XLF
SPRT,XLK
SPR,XLI
SPSB,ETF
SPSC,XLK
SPSK,ETF
SPSM,ETF
SPTI,ETF
SPTKU,XLF
SPTK,XLF
SPTL,ETF
SPTM,ETF
SPTN,XLP
SPTS,ETF
SPT,XLK
SPUC,ETF
SPUS,ETF
SPUU,ETF
SPVM,ETF
SPVU,ETF
SPWH,XLY
SPWR,XLK
SPXB,ETF
SPXC,XLI
SPXE,ETF
SPXL,ETF
SP,XLI
SPXN,ETF
SPXS,ETF
SPXT,ETF
SPXU,ETF
SPXV,ETF
SPXX,XLF
SPXZ,ETF
SPYC,ETF
SPYD,ETF
SPY,ETF
SPYG,ETF
SPYV,ETF
SPYX,ETF
SQBG,XLY
SQEW,ETF
SQFT,XLRE
SQLV,ETF
SQM,XLB
SQNS,XLK
SQQQ,ETF
SQSP,XLK
SQ,XLK
SQZ,XLV
SRACU,XLF
SRAC,XLF
SRAX,XLC
SRCE,XLF
SRCL,XLI
SRC,XLRE
SRDX,XLV
SRET,ETF
SREV,XLK
SRE,XLU
SRGA,XLV
SRG,XLRE
SRI,XLY
SRLN,ETF
SRLP,XLE
SRL,XLF
SRNE,XLV
SRNGU,XLF
SRNG,XLF
SRPT,XLV
SRRA,XLV
SRRK,XLV
SRSAU,XLF
SRSA,XLF
SRS,ETF
SRTS,XLV
SRT,XLI
SRTY,ETF
SRVR,ETF
SRV,XLF
SR,XLU
SSAAU,XLF
SSAA,XLF
SSBI,XLF
SSB,XLF
SSD,XLI
SSG,ETF
SSKN,XLV
SSL,XLE
SSLY,ETF
SSNC,XLK
SSNT,XLK
SSO,ETF
SSPKU,XLF
SSPK,XLF
SSP,XLC
SSPY,ETF
SSRM,XLB
SSSS,XLF
SSTI,XLK
SSTK,XLC
SST,XLI
SSUS,ETF
SSYS,XLK
SSY,XLV
STAA,XLV
STAF,XLI
STAG,XLRE
STAR,XLRE
STAY,XLY
STBA,XLF
STCN,XLI
STC,XLF
STEM,XLK
STEP,XLF
STE,XLV
STFC,XLF
STG,XLP
STIC,XLF
STIM,XLV
STIP,ETF
STKL,XLP
STKS,XLY
STK,XLF
STLA,XLY
STLC,ETF
STLD,XLB
STLG,ETF
STLV,ETF
STL,XLF
STMB,ETF
STMP,XLK
STM,XLK
STNC,ETF
STND,XLF
STNE,XLK
STNG,XLE
STN,XLI
STOK,XLV
STON,XLY
STOR,XLRE
STOT,ETF
STPC,XLF
STPK,XLF
STPZ,ETF
STRA,XLP
STRL,XLI
STRM,XLV
STRO,XLV
STRRP,XLV
STRR,XLV
STRS,XLRE
STRT,XLY
STSA,XLV
STSB,ETF
STTK,XLV
STT,XLF
STWD,XLRE
STWOU,XLF
STWO,XLF
STXB,XLF
ST,XLK
STXS,XLV
STX,XLK
STZ,XLP
SUB,ETF
SUBZ,ETF
SUI,XLRE
SULR,ETF
SUMO,XLK
SUMR,XLP
SUM,XLB
SUNS,XLF
SUNW,XLK
SUN,XLE
SUPN,XLV
SUPV,XLF
SUP,XLY
SURF,XLV
SUSA,ETF
SUSB,ETF
SUSC,ETF
SUSL,ETF
SU,XLE
SUZ,XLB
SVACU,XLF
SVAC,XLF
SVAL,ETF
SVA,XLV
SVBI,XLF
SVC,XLRE
SVFAU,XLF
SVFA,XLF
SVFB,XLF
SVFC,XLF
SVMK,XLK
SVM,XLB
SVOKU,XLF
SVOK,XLF
SVRA,XLV
SVSVU,XLF
SVT,XLI
SVVC,XLF
SV,XLF
SVXY,ETF
SWAN,ETF
SWAV,XLV
SWBI,XLI
SWBK,XLF
SWCH,XLK
SWETU,XLF
SWET,XLF
SWIM,XLI
SWIR,XLK
SWI,XLK
SWKH,XLF
SWKS,XLK
SWK,XLI
SWM,XLB
SWN,XLE
SWTX,XLV
SWX,XLU
SWZ,XLF
SXC,XLB
SXI,XLI
S,XLC
SXQG,ETF
SXTC,XLV
SXT,XLB
SYBT,XLF
SYBX,XLV
SYE,ETF
SYF,XLF
SYG,ETF
SYKE,XLK
SYK,XLV
SYLD,ETF
SYNA,XLK
SYNC,XLK
SYNH,XLV
SYNL,XLB
SYN,XLV
SYPR,XLY
SYRS,XLV
SYTA,XLK
SYUS,ETF
SYV,ETF
SY,XLV
SYX,XLI
SYY,XLP
SZC,XLF
SZK,ETF
SZNE,ETF
TAAG,ETF
TACA,XLF
TACE,ETF
TACO,XLY
TACT,XLK
TAC,XLU
TADS,ETF
TAEQ,ETF
TAGS,ETF
TAIL,ETF
TAIT,XLK
TAK,XLV
TALO,XLE
TALS,XLV
TAL,XLP
TAN,ETF
TANH,XLP
TANNI,XLY
TAOP,XLK
TAP,XLP
TARA,XLV
TARO,XLV
TARS,XLV
TASK,XLK
TAST,XLY
TATT,XLI
TAT,XLE
TAXF,ETF
TA,XLY
TAYD,XLI
TBA,XLF
TBBK,XLF
TBCPU,XLF
TBCP,XLF
TBF,ETF
TBIO,XLV
TBI,XLI
TBJL,ETF
TBKCP,XLF
TBK,XLF
TBLT,XLI
TBNK,XLF
TBPH,XLV
TBSAU,XLF
TBT,ETF
TBX,ETF
TCACU,XLF
TCAC,XLF
TCBIO,XLF
TCBIP,XLF
TCBI,XLF
TCBK,XLF
TCCO,XLK
TCDA,XLV
TCFCP,XLF
TCFC,XLF
TCF,XLF
TCHP,ETF
TCI,XLRE
TCMD,XLV
TCOM,XLY
TCON,XLV
TCO,XLRE
TCPC,XLF
TCP,XLE
TCRR,XLV
TCS,XLY
TCTL,ETF
TCVA,XLF
TC,XLC
TCX,XLK
TDACU,XLF
TDAC,XLF
TDA,XLC
TDC,XLK
TDE,XLC
TDF,XLF
TDG,XLI
TDIV,ETF
TDI,XLC
TDJ,XLC
TDOC,XLV
TDSA,ETF
TDSB,ETF
TDSC,ETF
TDSD,ETF
TDSE,ETF
TDS,XLC
TDTF,ETF
TDTT,ETF
TDUP,XLY
TDV,ETF
TDVG,ETF
TDW,XLE
TD,XLF
TDY,XLK
TEAF,XLF
TEAM,XLK
TECB,ETF
TECH,XLV
TECK,XLB
TECL,ETF
TECS,ETF
TECTP,XLF
TEDU,XLP
TEF,XLC
TEGS,ETF
TEI,XLF
TEKKU,XLF
TEKK,XLF
TELA,XLV
TELL,XLE
TEL,XLK
TENB,XLK
TEN,XLY
TENX,XLV
TEO,XLC
TEQI,ETF
TERM,ETF
TERN,XLV
TER,XLK
TESS,XLK
TETCU,XLF
TETC,XLF
TEVA,XLV
TEX,XLI
TFC,XLF
TFFP,XLV
TFI,ETF
TFII,XLI
TFIV,ETF
TFJL,ETF
TFLO,ETF
TFLT,ETF
TFSL,XLF
TFX,XLV
TGA,XLE
TGB,XLB
TGC,XLE
TGH,XLI
TGIF,ETF
TGI,XLI
TGLS,XLI
TGNA,XLC
TGP,XLE
TGRW,ETF
TGS,XLE
TGT,XLP
TGTX,XLV
TG,XLB
THBRU,XLF
THBR,XLF
THCAU,XLF
THCA,XLF
THCBU,XLF
THCB,XLF
THCX,ETF
THC,XLV
THD,ETF
THFF,XLF
THG,XLF
THMAU,XLF
THMA,XLF
THMO,XLV
THM,XLB
THNQ,ETF
THO,XLY
THQ,XLF
THRM,XLY
THR,XLI
THRY,XLC
THS,XLP
THTX,XLV
THW,XLF
TH,XLE
THY,ETF
TIF,XLY
TIGO,XLC
TIGR,XLF
TIG,XLF
TILE,XLY
TILT,ETF
TIL,XLV
TIMB,XLC
TINV,XLF
TIOAU,XLF
TIP,ETF
TIPT,XLF
TIPX,ETF
TIPZ,ETF
TIRX,XLF
TISI,XLI
TITN,XLI
TIXT,XLK
TJX,XLY
TKAT,XLY
TKC,XLC
TKR,XLI
TK,XLE
TLC,XLV
TLDH,ETF
TLEH,ETF
TLGA,XLF
TLGT,XLV
TLH,ETF
TLIS,XLV
TLK,XLC
TLMD,XLV
TLND,XLK
TLRY,XLV
TLSA,XLV
TLS,XLK
TLTD,ETF
TLTE,ETF
TLT,ETF
TLYS,XLY
TMAC,XLF
TMAT,ETF
TMBR,XLV
TMCI,XLV
TMDI,XLV
TMDV,ETF
TMDX,XLV
TME,XLC
TMFC,ETF
TMF,ETF
TMHC,XLY
TMKRU,XLF
TMKR,XLF
TMO,XLV
TMPMU,XLF
TMPM,XLF
TMP,XLF
TMQ,XLB
TMST,XLB
TMTSU,XLF
TMTS,XLF
TMUS,XLC
TMV,ETF
TM,XLY
TMX,XLY
TNA,ETF
TNAV,XLK
TNC,XLI
TNDM,XLV
TNET,XLI
TNK,XLE
TNL,XLY
TNP,XLE
TNXP,XLV
TOKE,ETF
TOK,ETF
TOL,XLY
TOLZ,ETF
TOMZ,XLI
TOPS,XLI
TOST,XLK
TOTAU,XLF
TOTA,XLF
TOTL,ETF
TOT,XLE
TOUR,XLY
TOWN,XLF
TPAY,ETF
TPB,XLP
TPCO,XLC
TPC,XLI
TPGS,XLF
TPGY,XLF
TPHD,ETF
TPHS,XLRE
TPH,XLY
TPIC,XLI
TPIF,ETF
TPLC,ETF
TPL,XLE
TPOR,ETF
TPRE,XLF
TPR,XLY
TPSC,ETF
TPTX,XLV
TPVG,XLF
TPVY,ETF
TPX,XLY
TPYP,ETF
TPZ,XLF
TQQQ,ETF
TRCA,XLF
TRCH,XLE
TRC,XLI
TREB,XLF
TREC,XLB
TREE,XLF
TREX,XLI
TRGP,XLE
TRHC,XLV
TRIB,XLV
TRIL,XLV
TRIN,XLF
TRIP,XLY
TRIT,XLK
TRI,XLI
TRKA,XLC
TRMB,XLK
TRMD,XLE
TRMK,XLF
TRMT,XLRE
TRND,ETF
TRNO,XLRE
TRNS,XLI
TRN,XLI
TROW,XLF
TROX,XLB
TRP,XLE
TRQ,XLB
TRST,XLF
TRS,XLI
TRTN,XLI
TRT,XLK
TRTX,XLRE
TRTY,ETF
TRUE,XLC
TRUP,XLF
TRU,XLI
TRVG,XLC
TRVI,XLV
TRVN,XLV
TRV,XLF
TRXC,XLV
TR,XLP
TRX,XLB
TSBK,XLF
TSCAP,XLF
TSCBP,XLF
TSCO,XLY
TSC,XLF
TSEM,XLK
TSE,XLB
TSHA,XLV
TSIA,XLF
TSIBU,XLF
TSIB,XLF
TSI,XLF
TSJA,ETF
TSLA,XLY
TSLQ,ETF
TSLX,XLF
TSM,XLK
TSN,XLP
TSOC,ETF
TSPQ,XLF
TSP,XLI
TSQ,XLC
TSRI,XLK
TS,XLE
TTAC,ETF
TTAI,ETF
TTCF,XLP
TTC,XLI
TTD,XLK
TTEC,XLK
TTEK,XLI
TTE,XLE
TTGT,XLC
TTI,XLE
TTMI,XLK
TTM,XLY
TTNP,XLV
TTOO,XLV
TTP,XLF
TTT,ETF
TTWO,XLC
TT,XLI
TUFN,XLK
TUGCU,XLF
TUP,XLY
TUR,ETF
TURN,XLF
TUSA,ETF
TUSK,XLE
TU,XLC
TUYA,XLK
TVACU,XLF
TVAC,XLF
TVTX,XLV
TVTY,XLV
TV,XLC
TWCTU,XLF
TWCT,XLF
TWIN,XLI
TWIO,ETF
TWI,XLI
TWLO,XLC
TWLVU,XLF
TWLV,XLF
TWM,ETF
TWND,XLF
TWNI,XLF
TWNK,XLP
TWNT,XLF
TWN,XLF
TWOA,XLF
TWOU,XLP
TWO,XLRE
TWST,XLV
TWTR,XLC
TW,XLF
TXG,XLV
T,XLC
TXMD,XLV
TXN,XLK
TXRH,XLY
TXT,XLI
TX,XLB
TYD,ETF
TYG,XLF
TYHT,XLV
TYL,XLK
TYME,XLV
TYO,ETF
TY,XLF
TZACU,XLF
TZAC,XLF
TZA,ETF
TZOO,XLY
TZPSU,XLF
TZPS,XLF
UAA,XLY
UAE,ETF
UAL,XLI
UAMY,XLB
UAN,XLB
UAPR,ETF
UAUG,ETF
UAVS,XLI
UA,XLY
UBA,XLRE
UBCP,XLF
UBER,XLK
UBFO,XLF
UBOH,XLF
UBOT,ETF
UBP,XLRE
UBR,ETF
UBSI,XLF
UBS,XLF
UBT,ETF
UBX,XLV
UCBIO,XLF
UCBI,XLF
UCC,ETF
UCIB,ETF
UCL,XLC
UCO,ETF
UCON,ETF
UCTT,XLK
UCYB,ETF
UDEC,ETF
UDN,ETF
UDOW,ETF
UDR,XLRE
UEC,XLE
UEIC,XLK
UEPS,XLK
UEVM,ETF
UE,XLRE
UFAB,XLY
UFCS,XLF
UFEB,ETF
UFI,XLY
UFO,ETF
UFPI,XLB
UFPT,XLY
UFS,XLB
UGA,ETF
UGCE,ETF
UGE,ETF
UGI,XLU
UGL,ETF
UGP,XLE
UGRO,XLI
UG,XLP
UHAL,XLI
UHS,XLV
UHT,XLRE
UIHC,XLF
UIS,XLK
UITB,ETF
UIVM,ETF
UI,XLK
UJAN,ETF
UJB,ETF
UJUL,ETF
UJUN,ETF
UK,XLRE
ULBI,XLI
ULCC,XLI
ULE,ETF
ULH,XLI
ULST,ETF
ULTA,XLY
ULTR,ETF
ULVM,ETF
UL,XLP
UMAR,ETF
UMAY,ETF
UMBF,XLF
UMC,XLK
UMDD,ETF
UMH,XLRE
UMI,ETF
UMPQ,XLF
UNAM,XLF
UNB,XLF
UNFI,XLP
UNF,XLI
UNG,ETF
UNH,XLV
UNIT,XLRE
UNL,ETF
UNMA,ETF
UNM,XLF
UNOV,ETF
UNP,XLI
UNTY,XLF
UNVR,XLB
UOCT,ETF
UONEK,XLC
UONE,XLC
UPC,XLV
UPLD,XLK
UPRO,ETF
UPST,XLF
UPS,XLI
UPV,ETF
UPW,ETF
UPWK,XLI
URA,ETF
URBN,XLY
URE,ETF
URGN,XLV
URG,XLE
URI,XLI
URNM,ETF
UROV,XLV
UROY,XLE
URTH,ETF
URTY,ETF
USAC,XLE
USAI,ETF
USAK,XLI
USAP,XLB
USAS,XLB
USAT,XLK
USAU,XLB
USA,XLF
USB,XLF
USCI,ETF
USCR,XLB
USD,ETF
USDP,XLI
USDU,ETF
USEG,XLE
USEP,ETF
USEQ,ETF
USFD,XLP
USFR,ETF
USHG,ETF
USHY,ETF
USI,ETF
USIG,ETF
USIO,XLK
USLB,ETF
USL,ETF
USLM,XLB
USMC,ETF
USMF,ETF
USML,ETF
USMV,ETF
USM,XLC
USNA,XLP
USO,ETF
USOI,ETF
USPH,XLV
USRT,ETF
USSG,ETF
USTB,ETF
UST,ETF
USVM,ETF
USWS,XLE
USXF,ETF
USX,XLI
UTES,ETF
UTF,XLF
UTG,XLF
UTHR,XLV
UTI,XLP
UTL,XLU
UTMD,XLV
UTME,XLK
UTRN,ETF
UTSI,XLK
UTSL,ETF
UTZ,XLP
UUP,ETF
UUUU,XLE
UUU,XLI
UVE,XLF
UVIX,ETF
UVSP,XLF
UVV,XLP
UVXY,ETF
UWMC,XLF
UWM,ETF
UXI,ETF
UXIN,XLC
U,XLK
UYG,ETF
UYM,ETF
UZA,XLC
UZB,ETF
VABK,XLF
VABS,ETF
VACC,XLV
VACQU,XLF
VACQ,XLF
VAC,XLY
VALE,XLB
VALN,XLV
VALQ,ETF
VALT,ETF
VALU,XLF
VAL,XLE
VAMO,ETF
VAPO,XLV
VAQC,XLF
VAR,XLV
VAW,ETF
VB,ETF
VBFC,XLF
VBF,XLF
VBIV,XLV
VBK,ETF
VBLT,XLV
VBND,ETF
VBR,ETF
VBTX,XLF
VCAR,ETF
VCEB,ETF
VCEL,XLV
VCF,XLF
VCIF,XLF
VCIT,ETF
VCKAU,XLF
VCKA,XLF
VCLO,ETF
VCLT,ETF
VCNX,XLV
VCRA,XLK
VCR,ETF
VCSH,ETF
VCTR,XLF
VCVCU,XLF
VCVC,XLF
VCV,XLF
VC,XLY
VCYT,XLV
VDC,ETF
VDE,ETF
VEA,ETF
VECO,XLK
VECT,XLV
VEC,XLI
VEDL,XLB
VEEV,XLV
VEGA,ETF
VEGI,ETF
VEGN,ETF
VEI,XLE
VELOU,XLF
VELO,XLF
VEL,XLF
VENAU,XLF
VENA,XLF
VEON,XLC
VERB,XLK
VERI,XLK
VERO,XLV
VERU,XLV
VER,XLRE
VERX,XLK
VERY,XLF
VETS,ETF
VET,XLE
VEU,ETF
VFC,XLY
VFF,XLP
VFH,ETF
VFIN,ETF
VFLQ,ETF
VFL,XLF
VFMF,ETF
VFMO,ETF
VFMV,ETF
VFQY,ETF
VFVA,ETF
VGAC,XLF
VGIT,ETF
VGI,XLF
VGK,ETF
VGLT,ETF
VGM,XLF
VGR,XLP
VGSH,ETF
VGT,ETF
VG,XLC
VGZ,XLB
VHAQ,XLF
VHC,XLK
VHI,XLB
VHT,ETF
VIACA,XLC
VIACP,XLC
VIAC,XLC
VIAO,XLK
VIAV,XLK
VICE,ETF
VICI,XLRE
VICR,XLK
VIDI,ETF
VIEW,XLI
VIE,XLV
VIG,ETF
VIGI,ETF
VIHAU,XLF
VIH,XLF
VIIAU,XLF
VII,XLF
VINCU,XLV
VINC,XLV
VINO,XLRE
VINP,XLF
VIOG,ETF
VIOO,ETF
VIOT,XLK
VIOV,ETF
VIPS,XLY
VIRC,XLY
VIRI,XLV
VIRS,ETF
VIRT,XLF
VIR,XLV
VIRX,XLV
VIS,ETF
VISL,XLK
VIST,XLE
VITL,XLP
VIVE,XLV
VIVO,XLV
VIV,XLC
VIXM,ETF
VIXY,ETF
VJET,XLK
VKI,XLF
VKQ,XLF
VKTX,XLV
VLATU,XLF
VLDR,XLK
VLGEA,XLP
VLON,XLV
VLO,XLE
VLRS,XLI
VLT,XLF
VLUE,ETF
VLU,ETF
VLYPO,XLF
VLYPP,XLF
VLY,XLF
VMACU,XLF
VMAC,XLF
VMAR,XLY
VMBS,ETF
VMC,XLB
VMD,XLV
VMI,XLI
VMM,XLF
VMOT,ETF
VMO,XLF
VMW,XLK
VNCE,XLY
VNDA,XLV
VNET,XLK
VNE,XLY
VNLA,ETF
VNMC,ETF
VNM,ETF
VNOM,XLE
VNO,XLRE
VNQ,ETF
VNQI,ETF
VNRX,XLV
VNSE,ETF
VNTR,XLB
VNT,XLK
VOC,XLE
VOD,XLC
VOE,ETF
VO,ETF
VOLT,XLI
VONE,ETF
VONG,ETF
VONV,ETF
VOO,ETF
VOOG,ETF
VOOV,ETF
VOR,XLV
VOSOU,XLF
VOSO,XLF
VOT,ETF
VOX,ETF
VOXX,XLK
VOYA,XLF
VPCBU,XLF
VPCB,XLF
VPCC,XLF
VPC,ETF
VPG,XLK
VPL,ETF
VPN,ETF
VPOP,ETF
VPU,ETF
VPV,XLF
VRAI,ETF
VRA,XLY
VRAY,XLV
VRCA,XLV
VRDN,XLV
VREX,XLV
VRIG,ETF
VRME,XLI
VRM,XLY
VRNA,XLV
VRNS,XLK
VRNT,XLK
VRP,ETF
VRPX,XLV
VRRM,XLI
VRSK,XLI
VRSN,XLK
VRS,XLB
VRTS,XLF
VRTU,XLK
VRTV,XLI
VRT,XLI
VRTX,XLV
VSAT,XLK
VSCO,XLY
VSDA,ETF
VSEC,XLI
VSGX,ETF
VSH,XLK
VSL,ETF
VSLU,ETF
VSMV,ETF
VSPRU,XLF
VSPR,XLF
VSS,ETF
VSTA,XLP
VSTM,XLV
VSTO,XLY
VST,XLU
VS,XLC
VTAQU,XLF
VTAQ,XLF
VTA,XLF
VTC,ETF
VTEB,ETF
VT,ETF
VTGN,XLV
VTHR,ETF
VTI,ETF
VTIP,ETF
VTIQU,XLF
VTIQ,XLF
VTNR,XLE
VTN,XLF
VTOL,XLE
VTRN,ETF
VTRS,XLV
VTRU,XLP
VTR,XLRE
VTSI,XLI
VTV,ETF
VTVT,XLV
VTWG,ETF
VTWO,ETF
VTWV,ETF
VUG,ETF
VUSB,ETF
VUSE,ETF
VUZI,XLK
VV,ETF
VVI,XLI
VVNT,XLI
VVOS,XLV
VVPR,XLK
VVR,XLF
VVV,XLE
VWID,ETF
VWOB,ETF
VWO,ETF
VWTR,XLU
VXF,ETF
V,XLF
VXRT,XLV
VXUS,ETF
VXX,ETF
VXZ,ETF
VYGG,XLF
VYGR,XLV
VYM,ETF
VYMI,ETF
VYNE,XLV
VYNT,XLV
VZIO,XLK
VZ,XLC
WABC,XLF
WAB,XLI
WAFDP,XLF
WAFD,XLF
WAFU,XLP
WALA,ETF
WALDU,XLF
WALD,XLK
WAL,XLF
WANT,ETF
WARR,XLF
WASH,XLF
WATT,XLK
WAT,XLV
WBAI,XLY
WBA,XLV
WBD,XLC
WBIE,ETF
WBIF,ETF
WBIG,ETF
WBII,ETF
WBIL,ETF
WBIN,ETF
WBIT,ETF
WBIY,ETF
WBK,XLF
WBND,ETF
WBS,XLF
WBT,XLI
WB,XLC
WCBR,ETF
WCC,XLI
WCLD,ETF
WCN,XLI
WDAY,XLK
WDC,XLK
WDFC,XLB
WDH,XLF
WDIV,ETF
WDR,XLF
WD,XLF
WEAT,ETF
WEA,XLF
WEBL,ETF
WEBR,XLY
WEBS,ETF
WEC,XLU
WEI,XLF
WELL,XLRE
WEN,XLY
WERN,XLI
WES,XLE
WETF,XLF
WEX,XLK
WEYS,XLY
WFCF,XLK
WFC,XLF
WFG,XLB
WFH,ETF
WFHY,ETF
WFIG,ETF
WF,XLF
WGLD,ETF
WGO,XLY
WHD,XLE
WHFBZ,ETF
WHF,XLF
WHG,XLF
WHLM,XLI
WHLRD,XLRE
WHLRP,XLRE
WHLR,XLRE
WHR,XLY
WH,XLY
WIA,XLF
WIFI,XLC
WILC,XLP
WIL,ETF
WIMI,XLC
WINA,XLY
WINC,ETF
WING,XLY
WINT,XLV
WIP,ETF
WIRE,XLI
WISA,XLK
WISH,XLY
WIT,XLK
WIW,XLF
WIX,XLK
WIZ,ETF
WKEY,XLK
WKHS,XLY
WKLY,ETF
WK,XLK
WLDN,XLI
WLDR,ETF
WLFC,XLI
WLKP,XLB
WLK,XLB
WLL,XLE
WLMS,XLI
WLTW,XLF
WMB,XLE
WMC,XLRE
WMG,XLC
WMK,XLP
WMPN,XLF
WMS,XLI
WMT,XLP
WM,XLI
WNC,XLI
WNEB,XLF
WNS,XLI
WNW,XLY
WOLF,XLK
WOMN,ETF
WOOD,ETF
WOOF,XLY
WORK,XLK
WOR,XLI
WORX,XLV
WOW,XLC
WPCA,XLF
WPCB,XLF
WPC,XLRE
WPF,XLF
WPG,XLRE
WPM,XLB
WPP,XLC
WPRT,XLY
WPS,ETF
WPX,XLE
WRAP,XLK
WRB,XLF
WRBY,XLV
WRE,XLRE
WRI,XLRE
WRK,XLY
WRLD,XLF
WRN,XLB
WSBCP,XLF
WSBC,XLF
WSBF,XLF
WSC,XLI
WSFS,XLF
WSG,XLC
WSM,XLY
WSO,XLI
WSR,XLRE
WSTG,XLK
WST,XLV
WTBA,XLF
WTER,XLP
WTFCM,XLF
WTFCP,XLF
WTFC,XLF
WTI,XLE
WTMF,ETF
WTM,XLF
WTREP,XLF
WTRE,XLF
WTRG,XLU
WTRH,XLK
WTS,XLI
WTTR,XLE
WTT,XLK
WTW,XLY
WUGI,ETF
WU,XLF
WVE,XLV
WVFC,XLF
WVVIP,XLP
WVVI,XLP
WWD,XLI
WWE,XLC
WWJD,ETF
WWOW,ETF
WWR,XLB
WWW,XLY
WW,XLY
W,XLY
WYND,XLY
WYNN,XLY
WY,XLRE
WYY,XLK
XAIR,XLV
XAN,XLRE
XAR,ETF
XBAP,ETF
XBI,ETF
XBIO,XLV
XBIT,XLV
XBUY,ETF
XCEM,ETF
XCUR,XLV
XDAP,ETF
XDAT,ETF
XDIV,ETF
XDQQ,ETF
XDSQ,ETF
XEC,XLE
XELA,XLK
XELB,XLY
XEL,XLU
XENE,XLV
XENT,XLV
XERS,XLV
XES,ETF
XFLT,XLF
XFOR,XLV
XGN,XLV
XHB,ETF
XHE,ETF
XHR,XLRE
XHS,ETF
XIN,XLRE
XITK,ETF
XJH,ETF
XJR,ETF
XLB,ETF
XLC,ETF
XLE,ETF
XLF,ETF
XLG,ETF
XLI,ETF
XLK,ETF
XLNX,XLK
XLP,ETF
XLRE,ETF
XLRN,XLV
XLSR,ETF
XLU,ETF
XLV,ETF
XL,XLY
XLY,ETF
XME,ETF
XMHQ,ETF
XMLV,ETF
XMMO,ETF
XMPT,ETF
XMVM,ETF
XM,XLK
XNCR,XLV
XNET,XLC
XNTK,ETF
XOG,XLE
XOMAO,XLV
XOMAP,XLV
XOMA,XLV
XOM,XLE
XONE,XLI
XOP,ETF
XOUT,ETF
XPDIU,XLF
XPDI,XLF
XPEL,XLY
XPER,XLK
XPEV,XLY
XPH,ETF
XPL,XLB
XPOA,XLF
XPO,XLI
XPP,ETF
XP,XLF
XRAY,XLV
XRLV,ETF
XRT,ETF
XRX,XLK
XSD,ETF
XSHD,ETF
XSHQ,ETF
XSLV,ETF
XSMO,ETF
XSOE,ETF
XSPA,XLY
XSVM,ETF
XSW,ETF
XTAP,ETF
XT,ETF
XTLB,XLV
XTL,ETF
XTN,ETF
XTNT,XLV
XVOL,ETF
XVV,ETF
XVZ,ETF
XWEB,ETF
XXII,XLV
X,XLB
XYF,XLF
XYLD,ETF
XYLG,ETF
XYL,XLI
YAC,XLF
YALA,XLK
YANG,ETF
YCBD,XLV
YCL,ETF
YCS,ETF
YDEC,ETF
YELL,XLI
YELP,XLC
YETI,XLY
YEXT,XLK
YGMZ,XLI
YGRN,ETF
YINN,ETF
YI,XLV
YJ,XLY
YLCO,ETF
YLDE,ETF
YLD,ETF
YMAB,XLV
YMAR,ETF
YMTX,XLV
YNDX,XLC
YOLO,ETF
YORW,XLU
YPF,XLE
YQ,XLP
YRCW,XLI
YRD,XLF
YSACU,XLF
YSAC,XLF
YSG,XLY
YTEN,XLB
YTPG,XLF
YTRA,XLY
YUMC,XLY
YUM,XLY
YVR,XLC
YXI,ETF
Y,XLF
YY,XLC
YYY,ETF
ZAGG,XLY
ZBH,XLV
ZBRA,XLK
ZCAN,ETF
ZCMD,XLV
ZDEU,ETF
ZDGE,XLK
ZEAL,XLV
ZEN,XLK
ZEPP,XLK
ZEUS,XLB
ZEV,XLI
ZGBR,ETF
ZGNX,XLV
ZG,XLC
ZGYHU,XLF
ZGYH,XLF
ZHOK,ETF
ZH,XLC
ZIG,ETF
ZIM,XLI
ZIONL,ETF
ZIONN,XLF
ZIONO,XLF
ZIONP,XLF
ZION,XLF
ZIOP,XLV
ZIXI,XLK
ZI,XLK
ZJPN,ETF
ZKIN,XLB
ZLAB,XLV
ZM,XLC
ZNGA,XLC
ZNH,XLI
ZNTEU,XLF
ZNTE,XLF
ZNTL,XLV
ZOM,XLV
ZROZ,ETF
ZSAN,XLV
ZSL,ETF
ZS,XLK
ZTO,XLI
ZTR,XLF
ZTS,XLV
ZUMZ,XLY
ZUO,XLK
ZVO,XLP
ZWRKU,XLF
ZWRK,XLF
Z,XLC
ZYME,XLV
ZYNE,XLV
ZYXI,XLV
ZY,XLB
AADI,XLV
ABOS,XLV
ABSI,XLV
ACDC,XLE
ACHR,XLI
ACLX,XLV
ACT,XLF
ADEA,XLK
AGRI,XLP
AIRS,XLV
AIVL,ETF
AKA,XLY
AKLI,XLV
ALIT,XLK
ALLG,XLY
ALPP,XLI
ALZN,XLV
AMAM,XLV
AMBP,XLY
AMPL,XLK
AMPS,XLU
AMPX,XLI
AORT,XLV
ARBE,XLK
ARBK,XLF
ARHS,XLY
ARIS,XLU
ARQQ,XLK
ASTL,XLB
ASTR,XLI
ATAI,XLV
ATIP,XLV
ATXS,XLV
ATY,XLC
AUR,XLK
AVDX,XLK
AVLV,ETF
AVPT,XLK
AZTA,XLV
BARK,XLY
BASE,XLK
BBAI,XLK
BGRY,XLI
BGXX,XLV
BHG,XLV
BHIL,XLB
BIOR,XLV
BIRD,XLY
BITF,XLF
BKCH,ETF
BKKT,XLK
BKSY,XLK
BLCO,XLV
BLND,XLK
BLZE,XLK
BN,XLF
BOAT,ETF
BOC,XLC
BODY,XLC
BOWL,XLC
BOXD,XLY
BRAG,XLC
BRCC,XLP
BRDS,XLI
BRLT,XLY
BRSP,XLRE
BTCY,XLV
BTF,ETF
BTTR,XLP
BTTX,XLV
BXSL,XLF
BZ,XLI
BZFD,XLC
CBL,XLRE
CCCS,XLK
CCSI,XLK
CDRE,XLI
CECO,XLI
CELU,XLV
CENN,XLY
CIFR,XLF
CINC,XLV
CION,XLF
CISO,XLK
CIVI,XLE
CLBT,XLK
CLVSQ,XLV
CMAX,XLV
CMTG,XLRE
CNM,XLI
CNTA,XLV
COCO,XLP
COOK,XLY
CORZ,XLK
CRBG,XLF
CRBU,XLV
CRDL,XLV
CRDO,XLK
CRGE,XLK
CRGY,XLE
CRPT,ETF
CRUZ,ETF
CTKB,XLV
CURV,XLY
CVT,XLK
CWAN,XLK
CXM,XLK
CYTO,XLV
CYXT,XLK
CZOO,XLY
DAVE,XLK
DAWN,XLV
DBRG,XLRE
DCFC,XLI
DCGO,XLV
DFAX,ETF
DFLI,XLI
DH,XLV
DIBS,XLY
DICE,XLV
DIDIY,XLK
DJIA,ETF
DNA,XLV
DNUT,XLP
DO,XLE
DOLE,XLP
DOMA,XLRE
DOUG,XLRE
DPRO,XLI
DRLL,ETF
DTC,XLY
DTM,XLE
DUOL,XLK
ECVT,XLB
EE,XLU
EGIO,XLK
EHAB,XLV
EMBK,XLK
ENDPQ,XLV
ENFN,XLK
ENOV,XLI
EQRX,XLV
ERAS,XLV
ESAB,XLI
ESMT,XLK
ETD,XLY
EVLV,XLI
EXAI,XLV
EXFY,XLK
FATH,XLK
FBRT,XLRE
FCUV,XLK
FIGS,XLY
FLYW,XLK
FNGG,ETF
FORG,XLK
FRGE,XLK
FRSH,XLK
FWRG,XLY
GAMB,XLY
GAME,XLC
GBTG,XLK
GGR,XLY
GIC,XLI
GK,ETF
GLUE,XLV
GNS,XLP
GPOR,XLE
GREE,XLF
GROV,XLP
GRPH,XLV
GTLB,XLK
GXO,XLI
HAUS,ETF
HGTY,XLF
HIPO,XLF
HITI,XLV
HIVE,XLF
HLGN,XLU
HLLY,XLY
HLMN,XLI
HLN,XLV
HLTH,XLV
HOUS,XLRE
HRT,XLI
HUMA,XLV
HYZN,XLY
IAS,XLC
ICVX,XLV
IDR,XLB
IHS,XLC
IMPP,XLE
INDI,XLK
INFA,XLK
INST,XLK
INTA,XLK
IONQ,XLK
IOT,XLK
IPSC,XLV
IREN,XLF
IRNT,XLK
ISPO,XLY
JBI,XLI
JOBY,XLI
JSPR,XLV
JXN,XLF
KCCA,ETF
KEUA,ETF
KIND,XLC
KLTR,XLK
KPLT,XLK
KTEC,ETF
KULR,XLK
LAB,XLV
LAW,XLK
LFG,XLU
LFLY,XLV
LFST,XLV
LGMK,XLI
LICY,XLI
LIDR,XLY
LILM,XLI
LKNCY,XLY
LLAP,XLI
LNW,XLY
LOCL,XLP
LTCH,XLK
LTH,XLY
LTRY,XLY
LVLU,XLY
LVO,XLC
LVWR,XLY
LYEL,XLV
LYLT,XLK
LZ,XLI
MAPS,XLK
MATV,XLB
MCG,XLY
MCW,XLY
ME,XLV
MEME,ETF
MFIC,XLF
MIMO,XLC
MIR,XLI
MKFG,XLK
MKTW,XLK
ML,XLK
MLKN,XLY
MMAT,XLK
MNM,ETF
MNTS,XLI
MNTV,XLK
MODG,XLY
MTTR,XLK
MULN,XLY
MVST,XLI
MYPS,XLC
NAAS,XLY
NABL,XLK
NAUT,XLV
NE,XLE
NECB,XLF
NEGG,XLY
NEWP,XLB
NFGC,XLB
NFTZ,ETF
NHWK,XLV
NILE,XLI
NMG,XLB
NMTC,XLV
NRDS,XLF
NRDY,XLK
NRXP,XLV
NVNO,XLV
NVTS,XLK
OB,XLC
ODV,XLB
OLPX,XLY
OMGA,XLV
OMIC,XLV
ONG,ETF
ONL,XLRE
OOTO,ETF
OPAD,XLRE
OPFI,XLK
ORGN,XLB
OTLY,XLP
OTMO,XLK
OWL,XLF
OWLT,XLV
PARAA,XLC
PAY,XLK
PCOR,XLK
PEAR,XLV
PECO,XLRE
PGRU,XLRE
PGY,XLK
PL,XLI
PMCB,XLV
POET,XLK
POL,XLY
PRCT,XLV
PTRA,XLY
PWP,XLF
PWSC,XLK
PYCR,XLK
QBTS,XLK
QIPT,XLV
QNCX,XLV
QNGY,XLK
QSI,XLV
QUBT,XLK
RAM,XLF
RANI,XLV
RAYS,ETF
RBOT,XLV
RBT,XLK
RDW,XLI
REAX,XLRE
REE,XLY
RELY,XLK
RENT,XLY
REVRQ,XLP
RGTI,XLK
RIGZ,ETF
RKLB,XLI
RKLY,XLK
RNW,XLU
ROIV,XLV
ROVR,XLY
RRX,XLI
RSKD,XLK
RTL,XLRE
RVYL,XLK
RWAY,XLF
RXST,XLV
RYAN,XLF
SATL,XLK
SATO,ETF
SBEV,XLP
SDIG,XLF
SDRL,XLE
SEAT,XLC
SES,XLY
SEV,XLY
SGHC,XLY
SGHT,XLV
SGML,XLB
SHCR,XLV
SHPW,XLI
SKE,XLB
SKIL,XLP
SKYH,XLI
SKYX,XLI
SLDP,XLI
SLGC,XLV
SLI,XLB
SLNH,XLK
SLVM,XLB
SMFR,XLV
SMR,XLI
SMRT,XLK
SNT,XLI
SOGU,ETF
SOND,XLY
SOUN,XLK
SOVO,XLP
SOXQ,ETF
SPIR,XLI
SPKX,ETF
SPKY,ETF
SRAD,XLK
STAB,XLV
STGW,XLC
STKH,XLP
STR,XLE
STRY,XLC
STVN,XLV
SUNL,XLF
SURG,XLK
SVIX,ETF
SYM,XLF
TALK,XLV
TARK,ETF
TBLA,XLC
TCN,XLRE
TCRT,XLV
TDCX,XLI
THCH,XLY
TMC,XLB
TNYA,XLV
TPG,XLF
TRIRF,XLK
TRMR,XLC
TROO,XLK
TSAT,XLK
TSLL,ETF
TSLS,ETF
TSVT,XLV
TUEM,XLP
TWKS,XLK
TYDE,XLY
UDMY,XLP
UP,XLI
UPH,XLV
USER,XLK
VATE,XLI
VCSA,XLK
VERV,XLV
VIA,XLU
VLD,XLK
VLN,XLK
VLTA,XLY
VMEO,XLK
VORB,XLI
VRAR,XLK
VRE,XLRE
VWE,XLP
WBX,XLK
WDS,XLE
WE,XLRE
WEAV,XLK
WEJO,XLK
WEST,XLP
WFRD,XLE
WKME,XLK
WKSP,XLY
WLY,XLC
XBTF,ETF
XMTR,XLI
XOS,XLI
XPOF,XLY
XPRO,XLE
XWEL,XLY
YMM,XLK
YOU,XLK
ZD,XLC
ZETA,XLK
ZIMV,XLV
ZIP,XLI
ZWS,XLI
ADGI,XLV
CMLT,XLV
CWEN.A,XLU
DCRC,XLI
DIDI,XLK
DNAA,XLV
ELMS,XLY
FOUN,XLK
FTRP,XLV
FWAA,XLK
HTZGQ,XLI
HTZZ,XLI
IS,XLK
LGF.A,XLC
MNDT,XLK
NGCA,XLI
NRGV,XLU
NUVL,XLV
PBR.A,XLE
PFHC,ETF
POLY,XLK
RDBX,XLC
RTPY,XLK
RVAC,ETF
